Довжина,Категорія,Обл,ВікБуд,ВікРем,Стан
48.9,2,1,28.0,28.0,3
6.64,3,1,34.0,34.0,3
6.42,3,1,34.0,34.0,3
28.68,4,1,43.0,43.0,4
28.13,3,1,45.0,45.0,4
42.63,3,1,35.0,12.0,3
31.98,3,1,40.0,19.0,3
25.89,2,1,31.0,31.0,3
13.6,2,1,61.0,37.0,3
11.86,2,1,61.0,39.0,4
11.86,2,1,61.0,39.0,4
27.2,2,1,58.0,38.0,4
26.0,2,1,60.0,42.0,5
6.5,1,1,59.0,33.0,3
27.0,2,1,82.0,47.0,3
6.05,2,1,49.0,49.0,3
14.55,2,1,56.0,19.0,3
14.55,2,1,56.0,19.0,3
15.05,2,1,52.0,32.0,4
14.89,2,1,51.0,31.0,4
96.67,2,1,1.0,1.0,1
203.0,2,1,43.0,1.0,1
203.0,2,1,43.0,1.0,1
11.86,2,1,44.0,44.0,4
6.0,2,1,44.0,44.0,3
11.66,1,1,44.0,26.0,3
78.15,1,1,38.0,24.0,4
72.22,3,1,30.0,30.0,3
36.1,3,1,46.0,42.0,4
17.16,3,1,40.0,40.0,3
63.9,3,1,49.0,45.0,3
31.83,2,1,49.0,37.0,3
17.26,3,1,51.0,40.0,3
23.3,1,1,49.0,37.0,3
50.85,2,1,90.0,39.0,3
50.85,2,1,90.0,39.0,3
11.0,2,1,43.0,43.0,3
12.26,3,1,127.0,36.0,4
24.16,2,1,57.0,35.0,4
34.54,2,1,46.0,23.0,3
12.0,2,1,44.0,44.0,2
12.0,2,1,43.0,43.0,3
12.0,2,1,47.0,47.0,3
34.68,3,1,47.0,47.0,3
46.3,3,1,49.0,49.0,1
18.65,3,1,56.0,1.0,1
9.06,3,1,48.0,34.0,3
9.16,3,1,40.0,40.0,2
17.16,3,1,41.0,41.0,3
9.06,3,1,39.0,28.0,3
6.0,3,1,42.0,23.0,3
36.82,3,1,60.0,25.0,3
72.5,3,1,45.0,25.0,3
29.6,3,1,39.0,39.0,3
126.3,3,1,16.0,16.0,3
18.8,5,1,35.0,35.0,3
49.0,4,1,18.0,18.0,3
39.6,4,1,18.0,18.0,3
43.38,4,1,40.0,40.0,4
45.58,4,1,27.0,6.0,3
13.5,4,1,51.0,51.0,3
28.63,4,1,43.0,43.0,3
6.1,2,2,44.0,30.0,1
24.0,2,2,19.0,12.0,2
13.0,2,2,43.0,43.0,1
6.0,2,2,75.0,37.0,2
178.3,3,2,34.0,2.0,1
67.7,2,2,34.0,2.0,1
117.5,2,2,34.0,34.0,3
42.2,2,2,32.0,32.0,3
84.4,2,2,29.0,29.0,4
12.0,2,2,97.0,21.0,3
12.0,2,2,53.0,23.0,3
126.75,3,2,53.0,17.0,1
11.55,3,2,46.0,24.0,1
253.2,3,2,50.0,3.0,1
35.5,1,2,49.0,27.0,3
12.0,1,2,49.0,19.0,2
6.0,2,2,49.0,38.0,3
15.86,2,2,38.0,38.0,4
36.0,1,2,41.0,24.0,4
48.0,2,2,44.0,25.0,3
35.55,3,2,67.0,26.0,3
45.0,3,2,69.0,26.0,4
40.49,3,2,69.0,29.0,3
36.0,3,2,69.0,29.0,3
13.3,3,2,67.0,67.0,3
37.51,3,2,67.0,67.0,3
17.94,3,2,67.0,67.0,3
39.72,2,2,67.0,67.0,3
24.64,3,2,69.0,69.0,3
43.2,3,2,67.0,67.0,4
10.0,3,2,92.0,92.0,2
12.0,2,2,46.0,8.0,3
12.0,2,2,79.0,22.0,3
24.0,3,2,52.0,22.0,3
6.0,2,2,44.0,36.0,5
50.51,3,2,44.0,19.0,3
42.3,3,2,95.0,27.0,2
72.4,3,2,24.0,24.0,4
12.18,3,2,43.0,43.0,4
8.02,3,2,51.0,38.0,3
5.79,3,2,56.0,38.0,3
22.14,3,2,38.0,38.0,3
8.54,3,2,43.0,43.0,2
5.08,3,2,38.0,38.0,3
6.0,3,2,55.0,33.0,3
12.03,3,2,41.0,41.0,3
18.12,3,2,41.0,41.0,3
42.1,3,2,31.0,31.0,3
153.7,3,2,69.0,3.0,1
153.7,3,2,69.0,3.0,1
53.6,3,2,31.0,31.0,3
6.0,2,2,57.0,57.0,4
6.0,2,2,52.0,52.0,4
12.3,2,2,31.0,31.0,3
6.0,3,2,53.0,24.0,3
44.6,3,2,43.0,43.0,3
133.5,3,2,43.0,43.0,3
9.0,3,2,24.0,24.0,3
25.98,3,2,51.0,51.0,3
50.38,3,2,44.0,44.0,4
6.0,3,2,43.0,34.0,3
50.28,3,2,42.0,42.0,3
6.0,3,2,34.0,34.0,3
42.0,3,2,43.0,43.0,3
16.15,3,2,80.0,43.0,3
6.0,3,2,45.0,45.0,4
18.9,3,2,80.0,37.0,3
45.5,3,2,43.0,43.0,5
34.08,3,2,40.0,40.0,4
4.0,3,2,43.0,43.0,3
8.0,3,2,48.0,27.0,3
18.44,2,2,82.0,48.0,3
7.0,3,2,46.0,46.0,3
101.0,3,2,44.0,44.0,5
2.35,2,2,50.0,50.0,3
5.0,3,2,56.0,56.0,3
6.0,3,2,52.0,52.0,3
6.0,3,2,45.0,45.0,3
8.36,2,2,53.0,53.0,3
8.23,2,2,68.0,30.0,4
5.0,3,2,57.0,38.0,3
6.0,3,2,57.0,41.0,3
84.0,3,2,43.0,43.0,1
53.59,3,2,53.0,25.0,3
61.22,3,2,35.0,35.0,3
5.97,3,2,55.0,35.0,3
6.12,3,2,58.0,25.0,3
8.0,3,2,58.0,58.0,3
14.36,3,2,30.0,30.0,3
48.15,3,2,29.0,29.0,3
24.0,3,2,72.0,34.0,3
6.0,3,2,78.0,34.0,3
17.9,3,2,47.0,47.0,3
48.71,3,2,29.0,29.0,3
75.0,3,2,72.0,72.0,3
69.1,4,2,42.0,42.0,4
33.05,3,2,40.0,20.0,3
9.5,3,2,50.0,50.0,3
18.05,4,2,43.0,43.0,3
4.91,3,2,45.0,33.0,3
9.1,3,2,46.0,29.0,4
5.94,3,2,43.0,43.0,3
3.8,3,2,46.0,46.0,3
18.4,3,2,63.0,37.0,5
9.9,3,2,44.0,44.0,3
5.0,3,2,44.0,44.0,3
14.91,3,2,46.0,30.0,3
24.2,3,2,51.0,51.0,3
5.8,3,2,34.0,34.0,3
48.15,3,2,46.0,16.0,3
6.5,3,2,38.0,38.0,3
6.0,2,2,35.0,35.0,3
9.0,2,2,31.0,31.0,3
6.8,3,2,68.0,68.0,3
14.8,3,2,68.0,68.0,3
17.1,3,2,69.0,69.0,3
14.08,4,2,69.0,69.0,3
17.1,2,2,70.0,70.0,3
17.1,2,2,68.0,68.0,3
13.9,2,2,69.0,69.0,3
16.9,2,2,69.0,69.0,3
46.7,2,2,70.0,6.0,2
23.47,2,2,24.0,24.0,3
5.0,3,2,82.0,56.0,3
5.0,3,2,76.0,24.0,3
13.0,4,2,2007.0,2007.0,3
9.0,4,2,45.0,26.0,3
12.0,4,2,45.0,45.0,4
3.58,4,2,48.0,48.0,4
13.2,4,2,0.0,0.0,1
30.17,3,3,32.0,32.0,3
101.6,3,3,32.0,1.0,1
11.68,3,3,37.0,,3
50.4,3,3,38.0,38.0,3
42.18,3,3,38.0,38.0,4
15.1,3,3,40.0,18.0,3
74.27,3,3,41.0,41.0,4
34.2,3,3,42.0,42.0,3
42.1,1,3,2.0,2.0,3
24.0,1,3,42.0,12.0,2
12.15,2,3,42.0,29.0,3
4.0,2,3,43.0,30.0,3
27.0,3,3,47.0,29.0,3
34.7,2,3,47.0,22.0,2
6.35,2,3,103.0,37.0,3
6.35,2,3,103.0,31.0,3
4.9,2,3,81.0,31.0,3
6.0,2,3,81.0,31.0,3
6.0,2,3,74.0,39.0,3
18.05,2,3,47.0,29.0,3
6.0,2,3,100.0,40.0,3
6.0,2,3,100.0,40.0,3
7.28,2,3,43.0,43.0,3
6.4,2,3,37.0,37.0,2
6.0,2,3,73.0,42.0,4
6.0,2,3,41.0,28.0,3
6.0,2,3,41.0,41.0,3
30.1,2,3,28.0,28.0,2
18.4,2,3,44.0,29.0,3
6.0,2,3,65.0,54.0,4
30.1,2,3,47.0,31.0,3
88.67,2,3,22.0,22.0,3
107.2,2,3,22.0,22.0,3
12.0,2,3,64.0,40.0,3
8.94,2,3,52.0,25.0,2
18.0,3,3,52.0,31.0,4
15.5,3,3,50.0,30.0,3
42.2,3,3,51.0,32.0,3
6.1,2,3,74.0,39.0,3
9.2,2,3,46.0,46.0,3
9.1,2,3,46.0,23.0,3
12.0,2,3,46.0,24.0,3
6.0,2,3,77.0,43.0,3
6.6,2,3,77.0,43.0,3
6.0,2,3,103.0,37.0,3
24.0,1,3,45.0,14.0,3
6.4,3,3,72.0,29.0,3
34.18,3,3,47.0,37.0,4
18.0,3,3,43.0,43.0,3
187.2,4,3,33.0,3.0,2
73.5,2,3,33.0,,4
12.0,3,3,40.0,40.0,3
12.4,3,3,40.0,40.0,3
6.0,3,3,34.0,19.0,3
151.67,3,3,34.0,34.0,3
6.69,3,3,32.0,32.0,3
180.6,4,3,30.0,30.0,3
12.4,4,3,29.0,29.0,3
6.5,2,3,44.0,44.0,3
50.38,2,3,44.0,19.0,3
12.0,2,3,47.0,26.0,3
28.12,2,3,45.0,11.0,3
5.0,2,4,47.0,47.0,3
4.97,2,4,47.0,47.0,3
5.0,2,4,48.0,48.0,3
114.75,2,4,8.0,8.0,3
4.6,2,4,48.0,48.0,3
6.0,2,4,48.0,48.0,3
126.75,2,4,11.0,11.0,3
60.0,3,4,30.0,30.0,3
54.0,1,4,31.0,31.0,3
36.0,1,4,31.0,31.0,3
16.0,1,4,31.0,31.0,3
46.0,2,4,21.0,21.0,3
74.0,1,4,21.0,21.0,3
26.0,1,4,21.0,21.0,3
42.6,1,4,31.0,31.0,3
26.1,1,4,31.0,31.0,3
96.0,1,4,30.0,30.0,3
36.35,1,4,32.0,32.0,3
18.5,1,4,4.0,4.0,3
24.55,1,4,22.0,4.0,3
24.5,1,4,55.0,2.0,3
9.9,1,4,32.0,32.0,4
36.88,1,4,45.0,1.0,2
41.7,2,4,43.0,43.0,3
18.55,2,4,33.0,33.0,3
17.4,2,4,33.0,33.0,4
8.65,2,4,53.0,34.0,3
26.25,2,4,34.0,34.0,5
5.25,2,4,48.0,34.0,3
18.0,2,4,48.0,48.0,3
22.2,2,4,50.0,50.0,3
36.3,2,4,50.0,34.0,3
12.1,2,4,45.0,34.0,5
12.55,2,4,44.0,34.0,5
10.15,2,4,43.0,34.0,3
6.0,2,4,43.0,34.0,3
12.0,2,4,42.0,33.0,3
12.5,2,4,42.0,33.0,3
6.8,2,4,43.0,33.0,3
6.0,2,4,43.0,43.0,3
36.1,2,4,43.0,33.0,3
7.1,2,4,43.0,33.0,3
6.4,2,4,43.0,33.0,3
14.0,2,4,58.0,33.0,3
13.0,2,4,33.0,33.0,3
36.0,2,4,59.0,59.0,3
99.0,2,4,59.0,59.0,3
57.0,2,4,59.0,59.0,3
37.0,2,4,31.0,31.0,3
38.0,2,4,38.0,38.0,3
49.0,2,4,40.0,40.0,4
57.0,2,4,45.0,45.0,5
37.0,2,4,30.0,30.0,3
85.0,3,4,28.0,28.0,2
4.0,1,4,52.0,52.0,1
42.12,1,4,17.0,17.0,3
61.0,1,4,17.0,17.0,3
42.74,1,4,17.0,17.0,3
53.16,2,4,31.0,31.0,3
8.4,2,4,55.0,55.0,5
11.73,2,4,55.0,55.0,5
13.86,2,4,55.0,55.0,4
114.6,2,4,42.0,42.0,3
57.0,2,4,43.0,43.0,4
63.63,3,4,10.0,10.0,2
45.95,5,4,10.0,10.0,2
36.9,2,4,51.0,51.0,5
63.6,2,4,13.0,13.0,1
56.97,2,4,55.0,55.0,3
6.0,2,4,55.0,55.0,4
6.0,2,4,52.0,52.0,3
42.88,2,4,45.0,45.0,3
6.0,2,4,54.0,42.0,4
6.0,2,4,54.0,54.0,3
12.0,2,4,54.0,54.0,3
39.05,2,4,54.0,54.0,4
6.0,2,4,43.0,43.0,4
24.0,2,4,42.0,42.0,4
39.98,2,4,42.0,42.0,2
65.0,3,4,15.0,15.0,3
63.9,2,4,13.0,13.0,3
21.75,1,4,10.0,10.0,1
24.44,2,4,24.0,24.0,3
94.86,2,4,34.0,34.0,3
3.6,2,4,52.0,52.0,4
12.0,2,4,26.0,26.0,3
214.46,2,4,14.0,14.0,3
9.4,2,4,52.0,52.0,4
100.0,5,4,0.0,0.0,1
30.0,5,4,0.0,0.0,1
64.0,5,4,0.0,0.0,1
18.5,2,5,55.0,6.0,3
37.5,2,5,55.0,2.0,2
91.27,2,5,55.0,2.0,3
78.92,2,5,55.0,19.0,3
36.6,2,5,55.0,27.0,4
40.4,2,5,55.0,,3
40.4,2,5,55.0,,3
63.6,2,5,7.0,7.0,2
24.3,2,5,63.0,17.0,5
9.0,2,5,63.0,38.0,4
9.0,2,5,63.0,22.0,4
73.29,1,5,0.0,0.0,2
56.28,2,5,44.0,44.0,4
67.08,1,5,36.0,,3
54.6,2,5,36.0,36.0,2
75.7,2,5,28.0,,3
48.65,2,5,14.0,,3
50.88,2,5,35.0,35.0,3
33.7,2,5,11.0,11.0,4
11.96,2,5,22.0,22.0,4
23.24,2,5,37.0,2.0,2
46.04,2,5,38.0,3.0,3
47.68,2,5,41.0,5.0,2
105.11,2,5,40.0,5.0,2
84.5,2,5,40.0,40.0,4
51.08,2,5,40.0,40.0,4
90.7,2,5,29.0,29.0,4
6.0,2,5,38.0,38.0,4
6.0,2,5,47.0,26.0,4
42.7,2,5,28.0,28.0,4
6.4,2,5,42.0,26.0,4
6.0,2,5,43.0,29.0,4
6.15,2,5,44.0,44.0,4
114.8,2,5,25.0,,3
24.78,1,5,46.0,9.0,3
24.62,1,5,17.0,17.0,2
60.7,2,5,19.0,19.0,3
59.0,2,5,46.0,4.0,2
55.0,1,5,15.0,15.0,4
66.0,1,5,21.0,21.0,4
36.6,1,5,21.0,21.0,2
36.6,1,5,17.0,17.0,2
42.6,1,5,17.0,17.0,3
37.0,1,5,17.0,17.0,2
37.0,1,5,17.0,17.0,3
73.15,1,5,19.0,19.0,4
54.65,1,5,19.0,19.0,3
48.65,1,5,19.0,19.0,2
43.62,1,5,3.0,3.0,2
78.65,1,5,3.0,3.0,2
43.48,1,5,3.0,3.0,2
66.61,1,5,3.0,3.0,2
42.62,1,5,3.0,3.0,4
51.85,1,5,7.0,7.0,5
78.65,2,5,7.0,7.0,2
71.65,2,5,7.0,7.0,2
48.65,1,5,7.0,7.0,3
79.0,1,5,9.0,9.0,2
36.89,1,5,9.0,9.0,3
60.65,2,5,9.0,9.0,5
36.54,1,5,11.0,11.0,5
64.25,2,5,11.0,11.0,2
60.65,2,5,9.0,9.0,2
72.65,2,5,9.0,9.0,3
42.6,1,5,9.0,9.0,3
63.7,2,5,11.0,11.0,3
56.28,1,5,38.0,38.0,2
42.6,2,5,38.0,38.0,4
34.62,1,5,42.0,,3
34.53,1,5,33.0,33.0,3
56.74,1,5,32.0,,3
502.08,1,5,32.0,8.0,1
15.0,1,5,31.0,7.0,3
54.54,1,5,31.0,,1
57.58,1,5,31.0,,3
34.6,1,5,31.0,6.0,3
89.59,1,5,30.0,,3
6.0,2,5,53.0,53.0,5
14.16,2,5,53.0,53.0,3
6.0,2,5,53.0,53.0,4
14.15,2,5,53.0,53.0,4
8.1,2,5,53.0,42.0,4
6.0,2,5,53.0,,4
6.0,2,5,54.0,,4
6.0,2,5,54.0,54.0,3
57.48,2,5,50.0,8.0,1
57.5,3,5,52.0,52.0,3
75.6,3,5,7.0,7.0,4
24.55,3,5,52.0,12.0,2
46.09,3,5,44.0,44.0,3
45.48,3,5,48.0,8.0,4
64.0,4,5,45.0,45.0,1
84.7,3,5,31.0,31.0,3
11.92,3,5,42.0,42.0,3
67.69,3,5,38.0,38.0,5
67.08,3,5,45.0,13.0,3
17.0,3,5,52.0,52.0,4
14.8,3,5,50.0,50.0,5
42.78,3,5,51.0,51.0,4
56.89,3,5,42.0,42.0,4
60.85,3,5,22.0,22.0,3
11.9,3,5,47.0,47.0,4
12.0,3,5,45.0,45.0,3
24.55,3,5,14.0,14.0,3
18.5,4,5,13.0,13.0,3
60.55,3,5,32.0,32.0,2
90.7,3,5,27.0,14.0,2
13.05,3,5,32.0,13.0,4
39.98,2,5,35.0,35.0,4
39.98,3,5,33.0,33.0,3
34.88,3,5,34.0,34.0,3
6.0,2,5,40.0,40.0,4
36.6,3,5,16.0,16.0,3
60.65,3,5,45.0,13.0,2
36.7,2,5,45.0,17.0,3
6.44,3,5,45.0,45.0,4
6.0,3,5,49.0,19.0,4
8.0,3,5,49.0,19.0,4
3.9,4,5,39.0,25.0,3
24.15,4,5,39.0,39.0,5
46.65,4,5,43.0,43.0,4
12.05,3,5,43.0,43.0,4
47.36,4,5,25.0,25.0,3
35.2,4,5,50.0,50.0,4
54.6,3,5,29.0,29.0,3
82.0,3,5,77.0,77.0,4
37.0,3,5,77.0,37.0,4
12.5,3,5,61.0,23.0,4
84.7,3,5,1.0,1.0,1
12.05,3,5,37.0,37.0,4
72.65,3,5,34.0,34.0,2
48.65,3,5,15.0,15.0,2
6.0,4,5,24.0,24.0,2
6.0,3,5,57.0,21.0,3
13.6,3,5,52.0,52.0,5
12.05,3,5,29.0,29.0,4
36.6,3,5,21.0,12.0,2
12.05,3,5,25.0,25.0,3
34.18,3,5,45.0,45.0,4
46.1,3,5,6.0,6.0,1
34.18,3,5,40.0,40.0,4
8.5,4,5,3.0,3.0,2
232.94,4,5,35.0,35.0,3
60.65,3,5,23.0,7.0,2
123.33,3,5,35.0,1.0,2
123.33,3,5,35.0,3.0,2
11.86,3,5,35.0,35.0,4
45.48,3,5,37.0,37.0,5
34.68,3,5,38.0,38.0,4
18.0,4,5,34.0,,5
7.0,4,5,45.0,45.0,5
6.0,4,5,39.0,39.0,4
24.65,4,5,29.0,29.0,5
6.0,4,5,34.0,34.0,5
12.85,4,5,34.0,34.0,4
7.0,4,5,42.0,25.0,5
6.0,4,5,42.0,42.0,5
6.0,4,5,44.0,44.0,5
6.0,4,5,40.0,40.0,5
19.0,4,5,30.0,30.0,5
46.0,4,5,33.0,33.0,4
29.0,4,5,53.0,53.0,4
61.0,3,5,20.0,20.0,5
18.0,4,5,41.0,21.0,5
4.0,4,5,70.0,70.0,5
6.0,4,5,61.0,61.0,4
7.0,4,5,40.0,40.0,4
91.0,3,5,10.0,10.0,5
90.0,3,5,9.0,9.0,4
69.6,4,5,62.0,62.0,4
49.0,2,5,25.0,25.0,2
13.0,4,5,47.0,47.0,2
13.0,4,5,47.0,47.0,5
6.0,4,5,43.0,43.0,5
24.0,4,5,32.0,,4
8.7,4,5,31.0,31.0,2
12.05,3,5,46.0,46.0,5
25.0,4,5,57.0,17.0,5
37.0,4,5,29.0,29.0,4
13.0,4,5,39.0,39.0,4
6.0,4,5,35.0,35.0,5
6.0,4,5,39.0,39.0,3
14.0,4,5,36.0,11.0,4
52.0,4,5,35.0,35.0,4
22.0,4,5,54.0,5.0,2
18.5,4,5,11.0,11.0,5
16.0,4,5,50.0,21.0,4
12.0,4,5,43.0,18.0,4
12.0,4,5,52.0,18.0,4
43.0,4,5,39.0,39.0,2
24.0,4,5,35.0,35.0,4
85.0,4,5,40.0,40.0,3
6.0,4,5,40.0,,4
19.0,4,5,41.0,41.0,4
19.0,4,5,42.0,42.0,5
6.0,3,5,41.0,41.0,3
19.0,4,5,40.0,40.0,5
25.0,3,5,50.0,19.0,5
49.0,3,5,28.0,28.0,4
12.0,3,5,42.0,26.0,4
37.0,4,5,18.0,18.0,5
6.0,4,5,40.0,20.0,4
6.0,3,5,38.0,38.0,4
6.0,4,5,44.0,44.0,5
3.0,4,5,44.0,44.0,4
3.0,4,5,44.0,44.0,5
6.0,4,5,44.0,44.0,4
12.05,4,5,44.0,44.0,4
6.0,4,5,44.0,44.0,3
3.0,4,5,44.0,44.0,5
3.0,4,5,44.0,44.0,4
12.55,4,5,42.0,42.0,4
7.4,4,5,44.0,44.0,3
7.4,4,5,44.0,44.0,4
90.7,4,5,27.0,27.0,3
7.0,4,5,44.0,44.0,5
5.05,4,5,44.0,44.0,4
6.0,4,5,43.0,43.0,4
7.0,4,5,42.0,42.0,4
6.0,4,5,32.0,32.0,3
6.0,3,5,34.0,34.0,4
7.0,3,5,36.0,36.0,3
11.0,4,5,36.0,36.0,4
76.0,4,5,42.0,42.0,4
23.0,4,5,54.0,54.0,5
12.0,4,5,50.0,10.0,1
7.0,4,5,51.0,9.0,3
14.0,4,5,51.0,9.0,3
46.09,4,5,36.0,36.0,5
24.65,4,5,44.0,44.0,4
13.05,4,5,41.0,41.0,2
7.0,4,5,44.0,44.0,4
46.09,4,5,45.0,45.0,2
24.15,4,5,42.0,42.0,5
42.6,3,5,15.0,15.0,4
12.55,4,5,44.0,44.0,4
12.05,4,5,42.0,42.0,5
12.05,4,5,42.0,42.0,4
36.6,4,5,51.0,,4
6.0,4,5,31.0,31.0,4
13.35,4,5,33.0,33.0,4
5.05,4,5,38.0,38.0,4
6.0,1,6,23.0,23.0,4
12.05,1,6,30.0,30.0,3
6.5,1,6,27.0,21.0,5
38.1,1,6,66.0,66.0,3
6.0,1,6,28.0,25.0,3
12.4,1,6,28.0,20.0,3
20.4,1,6,65.0,28.0,3
56.0,1,6,25.0,25.0,1
59.0,1,6,65.0,65.0,1
52.05,2,6,65.0,65.0,4
6.95,3,6,65.0,6.0,3
6.95,3,6,65.0,22.0,3
4.25,1,6,71.0,21.0,3
4.25,1,6,71.0,11.0,3
72.56,1,6,14.0,14.0,3
66.7,2,6,0.0,0.0,1
3.3,3,6,76.0,40.0,3
3.3,3,6,76.0,7.0,3
6.0,3,6,30.0,,3
36.7,3,6,26.0,,3
69.0,3,6,50.0,50.0,3
4.4,3,6,54.0,54.0,4
6.0,3,6,46.0,46.0,3
7.4,3,6,55.0,55.0,3
4.6,3,6,54.0,15.0,4
5.5,3,6,48.0,48.0,3
6.0,3,6,69.0,69.0,3
6.15,3,6,55.0,15.0,3
2.65,3,6,59.0,59.0,3
6.4,3,6,69.0,69.0,2
4.5,3,6,73.0,73.0,3
84.4,3,6,41.0,41.0,3
36.5,3,6,40.0,34.0,3
18.35,3,6,44.0,44.0,2
58.8,1,6,6.0,6.0,1
6.0,3,6,31.0,31.0,2
28.8,3,6,28.0,28.0,3
101.31,3,6,44.0,44.0,4
80.2,3,6,44.0,44.0,3
23.05,3,6,44.0,44.0,4
3.0,3,6,53.0,53.0,1
12.15,3,6,44.0,44.0,3
79.2,3,6,44.0,2.0,1
23.15,3,6,43.0,43.0,3
6.2,3,6,48.0,35.0,3
73.04,3,6,46.0,2.0,3
73.04,3,6,46.0,2.0,3
6.0,2,6,72.0,7.0,3
42.16,2,6,44.0,44.0,3
25.7,3,6,37.0,37.0,3
12.05,2,6,46.0,23.0,1
12.9,2,6,47.0,23.0,3
9.26,3,6,36.0,,5
6.0,3,6,44.0,20.0,3
8.4,3,6,57.0,19.0,3
28.72,3,6,41.0,41.0,5
9.0,3,6,43.0,43.0,3
23.32,3,6,41.0,41.0,3
50.58,3,6,65.0,54.0,3
6.9,3,6,53.0,53.0,2
11.0,3,6,65.0,54.0,3
6.0,3,6,67.0,21.0,3
68.4,3,6,46.0,46.0,4
24.5,3,6,47.0,47.0,4
5.7,3,6,52.0,52.0,3
8.1,3,6,43.0,19.0,3
6.0,3,6,43.0,43.0,3
7.1,3,6,44.0,44.0,3
7.0,3,6,53.0,24.0,3
12.05,3,6,52.0,52.0,3
6.1,3,6,43.0,32.0,3
7.0,3,6,53.0,34.0,3
6.0,3,6,47.0,47.0,1
84.5,3,6,39.0,39.0,3
5.9,3,6,49.0,49.0,3
18.0,3,6,47.0,47.0,3
13.0,4,6,43.0,43.0,3
26.0,4,6,38.0,38.0,1
12.0,4,6,45.0,45.0,3
7.0,4,6,41.0,41.0,1
6.6,4,6,41.0,41.0,3
12.0,4,6,47.0,47.0,3
11.0,4,6,40.0,40.0,3
36.6,4,6,29.0,29.0,3
4.0,5,6,40.0,40.0,3
6.0,4,6,26.0,26.0,2
18.0,3,6,31.0,31.0,4
23.0,3,6,41.0,41.0,1
54.0,3,6,16.0,16.0,2
6.3,3,6,25.0,25.0,3
6.0,3,6,44.0,44.0,1
6.5,3,6,48.0,48.0,3
35.0,3,6,34.0,34.0,3
18.0,3,6,35.0,35.0,1
34.8,3,6,34.0,34.0,1
60.7,4,6,37.0,13.0,1
4.6,4,6,47.0,47.0,2
18.7,4,6,31.0,31.0,2
228.6,4,6,31.0,31.0,3
11.0,4,6,46.0,46.0,3
18.5,4,6,16.0,16.0,1
151.7,4,6,42.0,42.0,3
6.4,4,6,51.0,51.0,3
63.1,4,6,51.0,8.0,1
5.0,4,6,52.0,52.0,3
6.0,4,6,45.0,45.0,2
231.2,4,6,43.0,43.0,5
36.0,4,6,26.0,26.0,3
12.76,4,6,34.0,34.0,3
48.0,4,6,32.0,32.0,3
8.0,4,6,36.0,36.0,3
6.0,4,6,41.0,41.0,3
18.0,4,6,16.0,16.0,3
34.2,4,6,41.0,41.0,3
16.81,4,6,30.0,30.0,2
22.64,4,6,36.0,36.0,3
11.45,4,6,32.0,32.0,3
12.04,4,6,65.0,29.0,5
42.8,4,6,42.0,42.0,4
13.5,4,6,26.0,26.0,1
18.0,3,6,34.0,24.0,3
19.0,4,6,32.0,32.0,3
12.0,3,6,35.0,35.0,3
12.0,3,6,23.0,23.0,3
6.0,5,6,44.0,44.0,1
6.0,4,6,28.0,28.0,1
12.0,3,6,31.0,31.0,1
12.0,5,6,32.0,32.0,1
18.0,5,6,33.0,33.0,1
6.0,5,6,33.0,33.0,1
6.0,5,6,19.0,19.0,1
8.0,5,6,31.0,31.0,1
13.0,5,6,29.0,29.0,1
6.0,4,6,29.0,29.0,1
12.0,4,6,2.0,2.0,1
15.0,1,7,0.0,0.0,1
57.6,2,7,26.0,26.0,2
69.1,2,7,33.0,33.0,2
53.1,3,7,25.0,25.0,2
39.1,3,7,43.0,43.0,2
42.4,3,7,45.0,45.0,3
43.28,3,7,51.0,51.0,3
70.2,3,7,26.0,26.0,3
60.52,2,8,33.0,33.0,2
133.77,3,8,37.0,37.0,1
12.0,2,8,30.0,30.0,2
12.01,2,8,25.0,25.0,4
18.42,2,8,26.0,26.0,2
60.7,2,8,31.0,31.0,3
48.53,2,8,31.0,31.0,3
60.52,2,8,30.0,30.0,1
60.78,2,8,30.0,30.0,2
162.9,2,8,25.0,25.0,2
90.7,2,8,25.0,25.0,2
10.04,2,8,36.0,36.0,2
23.5,2,8,35.0,35.0,2
108.75,2,8,25.0,25.0,2
36.6,2,8,57.0,57.0,3
50.88,1,8,57.0,33.0,4
69.2,2,8,2.0,2.0,1
105.7,1,8,5.0,5.0,1
24.55,2,8,24.0,24.0,2
156.8,2,8,56.0,14.0,4
36.5,1,8,57.0,31.0,4
54.6,1,8,57.0,3.0,1
56.7,2,8,57.0,57.0,2
12.5,2,8,32.0,32.0,2
18.8,2,8,57.0,31.0,4
19.1,2,8,57.0,31.0,4
63.67,2,8,18.0,18.0,1
54.6,2,8,57.0,1.0,2
36.66,2,8,32.0,32.0,4
39.4,2,8,57.0,57.0,4
60.8,2,8,57.0,32.0,2
59.14,2,8,57.0,57.0,4
75.65,2,8,26.0,26.0,2
24.52,2,8,57.0,57.0,4
72.65,2,8,26.0,26.0,2
18.6,2,8,20.0,20.0,4
36.6,2,8,24.0,24.0,2
9.0,2,8,39.0,25.0,4
55.1,2,8,25.0,25.0,4
6.8,2,8,35.0,26.0,2
3.8,2,8,55.0,55.0,4
12.0,2,8,48.0,30.0,4
12.05,2,8,48.0,30.0,4
56.28,2,8,34.0,34.0,2
12.55,2,8,48.0,30.0,4
56.28,2,8,28.0,28.0,2
45.48,2,8,32.0,32.0,2
12.05,2,8,51.0,32.0,2
30.2,2,8,51.0,25.0,4
84.5,2,8,44.0,17.0,4
42.6,2,8,28.0,28.0,2
6.0,2,8,46.0,46.0,5
14.15,2,8,47.0,47.0,4
36.6,2,8,44.0,44.0,5
8.1,2,8,46.0,46.0,5
8.1,2,8,46.0,46.0,4
4.5,2,8,54.0,54.0,4
14.15,2,8,46.0,46.0,4
45.2,2,8,46.0,46.0,4
34.68,2,8,46.0,46.0,2
20.2,3,8,38.0,18.0,4
10.04,3,8,56.0,25.0,4
13.0,3,8,43.0,43.0,4
6.0,3,8,50.0,50.0,4
12.05,3,8,49.0,49.0,4
12.05,3,8,46.0,46.0,4
59.1,3,8,47.0,47.0,4
13.15,3,8,47.0,47.0,4
6.0,3,8,47.0,47.0,5
37.05,3,8,49.0,0.0,1
7.0,3,8,51.0,51.0,4
76.2,3,8,43.0,0.0,2
69.0,3,8,44.0,44.0,4
90.7,3,8,9.0,9.0,4
34.07,3,8,39.0,39.0,5
6.0,3,8,50.0,50.0,5
13.0,3,8,49.0,49.0,4
7.1,3,8,48.0,48.0,2
18.1,4,8,45.0,45.0,5
54.6,3,8,44.0,12.0,2
12.9,4,8,44.0,1.0,1
6.0,3,8,48.0,48.0,2
37.5,3,8,45.0,45.0,2
6.0,3,8,47.0,34.0,5
8.0,2,8,45.0,45.0,4
6.65,2,8,51.0,51.0,5
36.75,2,8,39.0,39.0,4
34.68,2,8,39.0,39.0,2
13.3,2,8,49.0,25.0,4
13.2,2,8,48.0,19.0,4
9.0,2,8,52.0,52.0,4
12.0,2,8,52.0,38.0,4
90.7,2,8,24.0,24.0,3
7.0,2,8,50.0,30.0,4
24.87,2,8,50.0,50.0,4
10.45,2,8,53.0,36.0,4
54.6,2,8,23.0,23.0,3
42.7,2,8,19.0,19.0,2
18.5,3,8,19.0,19.0,4
12.05,2,8,57.0,57.0,4
4.6,2,8,53.0,53.0,4
10.85,3,8,45.0,45.0,2
7.0,3,8,56.0,56.0,4
19.35,3,8,55.0,55.0,4
12.0,4,8,52.0,26.0,5
18.0,4,8,47.0,47.0,5
6.0,4,8,45.0,45.0,5
24.75,4,8,50.0,50.0,4
60.65,2,8,16.0,16.0,2
6.0,2,8,50.0,50.0,2
6.0,2,8,50.0,50.0,5
19.55,4,8,49.0,49.0,4
14.0,4,8,53.0,53.0,3
6.0,4,8,58.0,31.0,5
12.05,4,8,49.0,29.0,5
21.2,3,8,55.0,55.0,2
13.05,4,8,49.0,29.0,4
12.05,4,8,43.0,29.0,2
6.0,3,8,44.0,32.0,4
7.0,4,8,44.0,44.0,2
7.0,4,8,40.0,40.0,2
6.0,4,8,41.0,41.0,4
26.15,3,8,40.0,18.0,4
57.0,3,8,44.0,44.0,4
12.05,3,8,50.0,50.0,5
7.8,3,8,59.0,59.0,4
6.0,3,8,59.0,59.0,5
12.05,3,8,61.0,61.0,4
22.4,4,8,61.0,61.0,4
12.05,3,8,62.0,62.0,4
8.6,4,8,60.0,60.0,4
7.2,3,8,60.0,60.0,4
15.04,3,8,57.0,57.0,4
13.0,3,8,56.0,56.0,4
12.05,3,8,56.0,56.0,4
12.05,3,8,55.0,55.0,3
12.05,4,8,55.0,55.0,4
6.1,3,8,57.0,57.0,4
12.05,3,8,54.0,54.0,4
12.05,3,8,53.0,53.0,5
46.19,4,8,50.0,50.0,4
23.27,3,8,38.0,38.0,2
6.0,3,8,43.0,43.0,5
36.6,3,8,14.0,14.0,2
26.08,3,8,46.0,46.0,4
22.66,3,8,30.0,30.0,2
18.2,3,8,30.0,30.0,2
72.75,3,8,18.0,18.0,2
18.62,3,8,42.0,23.0,2
12.05,3,8,42.0,23.0,4
8.05,3,8,41.0,22.0,4
7.0,3,8,41.0,41.0,4
21.5,3,8,22.0,22.0,4
12.46,3,8,28.0,28.0,2
6.0,3,8,52.0,36.0,5
63.51,4,8,39.0,39.0,4
34.68,4,8,39.0,39.0,2
51.6,4,8,57.0,9.0,2
36.6,4,8,31.0,31.0,2
12.05,4,8,41.0,41.0,3
9.0,4,8,59.0,24.0,2
12.0,3,8,46.0,21.0,2
12.0,3,8,45.0,22.0,3
6.0,4,8,42.0,42.0,3
54.6,3,8,19.0,19.0,2
17.0,4,8,39.0,39.0,4
12.62,4,8,29.0,21.0,3
18.87,4,8,92.0,92.0,4
45.09,4,8,95.0,1.0,1
15.7,4,8,80.0,80.0,4
15.7,4,8,73.0,73.0,4
24.7,4,8,83.0,45.0,4
12.0,4,8,37.0,23.0,3
34.64,4,8,44.0,24.0,4
8.75,4,8,45.0,24.0,3
12.05,4,8,47.0,24.0,3
54.6,4,8,29.0,12.0,4
6.0,4,8,34.0,34.0,3
5.0,4,8,57.0,57.0,3
12.0,4,8,48.0,48.0,3
6.0,4,8,42.0,42.0,4
12.55,4,8,43.0,43.0,4
37.0,4,8,24.0,24.0,4
35.0,4,8,31.0,31.0,3
6.0,4,8,40.0,40.0,3
8.0,4,8,44.0,44.0,4
57.5,4,8,41.0,41.0,2
36.6,4,8,33.0,33.0,3
7.0,4,8,44.0,44.0,3
52.0,4,8,28.0,28.0,4
7.0,4,8,40.0,40.0,5
7.0,4,8,42.0,42.0,3
25.0,4,8,43.0,43.0,3
46.0,4,8,43.0,43.0,5
45.9,4,8,62.0,3.0,2
12.55,4,8,44.0,44.0,4
18.6,4,8,23.0,23.0,3
46.09,4,8,37.0,37.0,3
96.7,2,8,10.0,10.0,5
18.6,4,8,42.0,42.0,3
13.65,4,8,45.0,45.0,3
37.5,4,8,57.0,57.0,4
46.1,4,8,73.0,73.0,4
18.8,4,8,46.0,46.0,4
17.45,4,8,44.0,44.0,3
6.8,4,8,47.0,21.0,4
18.6,4,8,40.0,40.0,3
6.0,4,8,53.0,53.0,3
13.0,4,8,52.0,52.0,4
18.0,4,8,53.0,53.0,4
4.0,3,8,53.0,21.0,5
7.0,3,8,41.0,15.0,4
6.0,4,8,44.0,44.0,3
17.26,4,8,23.0,23.0,3
6.0,4,8,37.0,30.0,5
6.0,3,8,41.0,41.0,3
10.05,4,8,29.0,29.0,5
34.18,4,8,45.0,33.0,4
46.09,4,8,45.0,30.0,4
35.0,4,8,32.0,32.0,4
72.0,4,8,26.0,26.0,4
7.0,4,8,48.0,34.0,3
7.0,4,8,48.0,34.0,4
18.6,4,8,48.0,48.0,3
46.09,4,8,35.0,35.0,4
42.9,3,8,23.0,23.0,3
6.0,4,8,43.0,43.0,3
7.0,4,8,43.0,43.0,3
4.0,4,8,53.0,53.0,3
8.0,4,8,46.0,46.0,3
4.0,4,8,48.0,48.0,3
10.0,4,8,42.0,42.0,4
36.6,4,8,21.0,21.0,3
24.55,4,8,26.0,26.0,4
19.0,4,8,41.0,24.0,4
6.0,4,8,37.0,37.0,3
48.65,4,8,31.0,31.0,4
6.0,4,8,45.0,22.0,4
11.15,4,8,43.0,20.0,5
12.95,4,8,24.0,24.0,3
4.0,4,8,31.0,31.0,4
13.0,4,8,42.0,42.0,4
6.3,4,8,31.0,31.0,3
11.05,4,8,32.0,32.0,4
6.0,4,8,31.0,31.0,4
18.1,4,8,34.0,34.0,3
54.6,4,8,28.0,28.0,4
6.0,4,8,36.0,36.0,4
24.65,4,8,28.0,28.0,4
6.6,4,8,48.0,48.0,2
19.7,4,8,44.0,44.0,4
34.68,4,8,38.0,38.0,4
46.44,4,8,43.0,43.0,4
72.65,4,8,21.0,21.0,3
6.0,4,8,48.0,48.0,3
6.0,4,8,47.0,47.0,4
6.0,4,8,49.0,49.0,3
19.0,4,8,42.0,42.0,3
13.05,4,8,41.0,41.0,3
13.0,4,8,29.0,29.0,3
24.65,4,8,31.0,31.0,3
13.0,4,8,30.0,30.0,3
36.6,4,8,23.0,23.0,3
36.6,4,8,47.0,29.0,3
7.2,4,9,51.0,51.0,3
30.1,4,9,51.0,33.0,3
16.95,4,9,51.0,51.0,3
6.0,3,9,46.0,18.0,3
12.12,2,9,50.0,50.0,3
18.0,2,9,48.0,14.0,4
6.0,2,9,48.0,10.0,3
12.1,3,9,46.0,18.0,3
18.1,3,9,44.0,18.0,3
24.4,3,9,44.0,44.0,2
6.1,3,9,46.0,28.0,2
30.2,3,9,45.0,45.0,3
15.1,3,9,49.0,49.0,4
21.1,3,9,0.0,0.0,3
42.38,3,9,43.0,10.0,3
9.1,3,9,45.0,13.0,3
108.35,3,9,15.0,15.0,2
5.4,3,9,79.0,49.0,4
7.0,3,9,47.0,13.0,3
76.08,3,9,43.0,43.0,3
6.1,3,9,48.0,28.0,5
6.1,2,9,47.0,28.0,3
21.08,3,9,48.0,28.0,4
6.1,3,9,47.0,34.0,4
8.96,3,9,44.0,44.0,3
6.1,3,9,55.0,30.0,3
110.0,3,9,2.0,2.0,2
145.0,3,9,15.0,15.0,2
6.0,3,9,55.0,0.0,5
73.48,3,9,44.0,44.0,5
12.05,3,9,42.0,26.0,4
6.0,3,9,55.0,16.0,5
44.92,3,9,55.0,33.0,5
6.0,3,9,41.0,25.0,5
4.6,3,9,50.0,33.0,5
42.5,3,9,42.0,42.0,3
6.0,3,9,42.0,29.0,5
97.35,3,9,38.0,38.0,4
23.0,3,9,37.0,37.0,5
9.06,3,9,46.0,37.0,5
60.2,3,9,29.0,29.0,2
6.0,3,9,78.0,30.0,2
6.0,3,9,46.0,28.0,2
5.5,3,9,66.0,45.0,2
137.85,3,9,43.0,7.0,4
12.06,3,9,50.0,30.0,3
6.0,3,9,40.0,27.0,3
6.0,3,9,73.0,9.0,4
15.05,1,9,67.0,26.0,4
6.0,1,9,67.0,67.0,3
12.55,1,9,40.0,33.0,3
90.0,1,9,17.0,17.0,2
37.0,1,9,30.0,30.0,4
12.0,2,9,40.0,33.0,4
336.0,2,9,24.0,24.0,2
50.48,2,9,41.0,41.0,4
6.0,2,9,48.0,38.0,5
6.0,2,9,48.0,25.0,4
6.0,2,9,47.0,25.0,4
6.0,2,9,52.0,25.0,4
6.0,2,9,51.0,26.0,4
6.0,2,9,51.0,27.0,4
6.0,2,9,51.0,27.0,5
4.6,2,9,43.0,28.0,5
6.0,2,9,50.0,30.0,5
6.0,2,9,50.0,30.0,4
34.28,3,9,34.0,34.0,5
6.0,3,9,34.0,34.0,4
42.4,3,9,12.0,12.0,2
127.0,2,9,0.0,0.0,1
71.0,2,9,48.0,28.0,4
109.2,2,9,16.0,16.0,3
6.0,2,9,44.0,30.0,4
7.0,2,9,48.0,31.0,4
6.0,2,9,45.0,31.0,5
24.0,2,9,44.0,30.0,4
5.0,2,9,44.0,19.0,5
15.0,2,9,53.0,23.0,5
13.0,2,9,32.0,32.0,4
54.8,2,9,31.0,31.0,4
23.0,2,9,32.0,32.0,5
6.0,2,9,45.0,45.0,5
169.0,2,9,13.0,13.0,4
46.0,2,9,41.0,1.0,4
45.0,2,9,45.0,34.0,4
126.4,2,9,35.0,35.0,4
31.0,2,9,46.0,35.0,5
37.0,2,9,44.0,36.0,4
19.0,2,9,42.0,34.0,4
136.0,2,9,37.0,29.0,5
18.0,2,9,51.0,27.0,4
194.0,2,9,26.0,26.0,5
19.0,2,9,41.0,32.0,4
6.0,2,9,47.0,29.0,4
43.0,2,9,21.0,21.0,2
12.0,2,9,40.0,40.0,5
43.0,2,9,23.0,23.0,4
24.0,2,9,42.0,31.0,5
6.0,2,9,43.0,31.0,4
12.0,2,9,42.0,30.0,5
17.0,2,9,41.0,29.0,4
6.0,1,9,51.0,30.0,4
12.1,2,9,29.0,29.0,4
9.0,2,9,37.0,29.0,4
36.2,2,9,42.0,29.0,4
13.0,2,9,40.0,29.0,5
7.0,2,9,51.0,30.0,4
54.9,2,9,19.0,19.0,4
43.0,2,9,14.0,14.0,5
12.0,2,9,42.0,42.0,4
18.0,2,9,42.0,30.0,4
4.0,2,9,39.0,29.0,5
7.0,2,9,42.0,30.0,5
19.0,1,9,42.0,14.0,4
13.0,2,9,15.0,15.0,4
148.0,2,9,14.0,14.0,4
19.0,2,9,10.0,10.0,4
55.0,2,9,9.0,9.0,4
91.0,2,9,9.0,9.0,4
60.2,2,9,9.0,9.0,4
12.0,2,9,25.0,25.0,4
6.0,2,9,50.0,27.0,5
6.0,2,9,40.0,40.0,5
7.0,2,9,49.0,32.0,5
12.0,2,9,42.0,42.0,5
23.0,2,9,42.0,42.0,5
29.0,2,9,44.0,22.0,5
7.0,2,9,50.0,23.0,5
34.0,2,9,34.0,34.0,5
19.0,2,9,34.0,34.0,5
8.35,1,9,53.0,36.0,3
9.07,1,9,43.0,35.0,3
50.4,2,9,45.0,45.0,4
11.92,2,9,35.0,35.0,3
12.0,2,9,50.0,50.0,3
6.0,2,9,50.0,38.0,3
6.0,2,9,56.0,38.0,3
28.04,2,9,48.0,48.0,3
3.89,3,9,70.0,36.0,3
6.0,2,9,71.0,36.0,3
5.21,2,9,70.0,36.0,3
6.0,2,9,71.0,71.0,3
6.8,2,9,78.0,46.0,3
19.0,2,9,96.0,28.0,3
2.85,2,9,52.0,35.0,3
2.86,2,9,52.0,35.0,3
3.0,2,9,52.0,52.0,3
6.0,3,9,24.0,24.0,2
37.0,3,9,0.0,0.0,1
18.4,3,9,58.0,43.0,3
6.0,3,9,43.0,43.0,3
9.0,3,9,73.0,41.0,2
6.0,3,9,73.0,28.0,3
7.0,3,9,74.0,2.0,3
4.0,4,9,74.0,35.0,2
6.0,3,9,74.0,35.0,3
12.0,2,9,44.0,44.0,3
111.12,2,9,44.0,44.0,3
32.9,2,9,44.0,21.0,3
6.0,3,9,43.0,43.0,3
6.0,3,9,42.0,42.0,3
11.5,3,9,42.0,42.0,3
12.0,3,9,42.0,11.0,3
24.0,3,9,42.0,42.0,3
3.8,3,9,42.0,42.0,3
11.92,3,9,43.0,11.0,3
24.1,3,9,42.0,11.0,3
12.0,3,9,43.0,11.0,3
48.1,3,9,34.0,34.0,3
6.3,3,9,37.0,37.0,3
12.0,3,9,42.0,42.0,3
23.3,3,9,41.0,41.0,3
35.0,3,9,33.0,33.0,3
14.0,3,9,41.0,41.0,3
20.0,3,9,41.0,41.0,3
20.0,3,9,40.0,40.0,3
12.0,3,9,40.0,40.0,3
18.8,3,9,39.0,39.0,3
11.4,3,9,44.0,44.0,2
16.0,3,9,38.0,38.0,3
19.4,3,9,38.0,38.0,2
18.0,3,9,38.0,38.0,3
84.3,3,9,39.0,39.0,2
6.0,3,9,41.0,41.0,3
6.5,3,9,41.0,41.0,3
6.0,3,9,40.0,40.0,3
36.0,3,9,52.0,52.0,5
11.0,3,9,40.0,40.0,3
9.0,3,9,40.0,40.0,3
10.5,3,9,40.0,40.0,3
3.0,3,9,44.0,44.0,3
15.0,3,9,44.0,44.0,3
126.0,3,9,49.0,45.0,3
58.1,3,9,42.0,42.0,5
12.0,3,9,51.0,51.0,3
6.0,3,9,46.0,46.0,3
6.0,3,9,58.0,58.0,2
30.0,3,9,42.0,42.0,1
7.2,3,9,96.0,45.0,3
18.05,3,9,41.0,11.0,3
12.0,3,9,42.0,17.0,3
4.0,3,9,8.0,8.0,1
26.3,3,9,54.0,54.0,3
18.1,3,9,44.0,44.0,3
6.0,3,9,27.0,27.0,2
4.0,3,9,48.0,48.0,2
19.5,3,9,44.0,44.0,3
6.0,3,9,18.0,18.0,3
6.0,3,9,56.0,18.0,3
34.27,3,9,51.0,51.0,3
5.0,3,9,51.0,51.0,3
402.8,3,9,31.0,14.0,3
128.6,3,9,42.0,15.0,3
6.0,3,9,59.0,15.0,3
3.0,3,9,59.0,59.0,3
3.0,3,9,38.0,38.0,4
6.0,3,9,38.0,38.0,3
12.0,3,9,70.0,32.0,3
12.0,3,9,69.0,69.0,3
12.0,3,9,31.0,31.0,3
6.0,3,9,20.0,20.0,3
127.9,3,9,22.0,22.0,3
6.0,3,9,70.0,70.0,3
6.0,4,9,37.0,37.0,3
6.0,4,9,32.0,32.0,3
6.0,4,9,28.0,28.0,3
34.31,3,9,38.0,38.0,3
30.0,3,9,43.0,36.0,3
24.55,4,10,21.0,21.0,3
18.45,4,10,32.0,32.0,3
11.36,4,10,47.0,30.0,3
3.0,4,10,46.0,46.0,3
18.5,4,10,31.0,31.0,1
6.0,4,10,47.0,30.0,1
6.2,4,10,30.0,30.0,1
17.44,4,10,20.0,20.0,3
12.1,4,10,29.0,29.0,3
4.8,4,10,50.0,50.0,3
36.75,4,10,32.0,32.0,3
36.78,4,10,43.0,7.0,3
169.0,4,10,36.0,6.0,1
18.7,4,10,41.0,41.0,3
18.7,4,10,57.0,57.0,3
28.35,4,10,27.0,27.0,3
24.05,4,10,37.0,26.0,1
12.05,4,10,47.0,47.0,1
36.1,4,10,42.0,17.0,1
26.0,3,10,35.0,35.0,1
9.6,3,10,17.0,17.0,1
12.0,3,10,25.0,25.0,1
24.0,3,10,25.0,25.0,1
5.5,4,10,56.0,56.0,3
5.6,4,10,56.0,56.0,3
5.5,4,10,57.0,57.0,3
10.95,4,10,56.0,56.0,3
6.0,4,10,47.0,47.0,1
15.0,3,10,48.0,33.0,1
12.0,4,10,35.0,35.0,1
9.94,4,10,75.0,33.0,1
15.0,3,10,42.0,42.0,1
48.0,3,10,37.0,37.0,1
17.0,3,10,34.0,11.0,1
11.0,3,10,24.0,24.0,1
22.0,3,10,44.0,44.0,1
27.0,3,10,44.0,44.0,1
36.0,3,10,44.0,44.0,1
8.0,3,10,44.0,44.0,1
22.0,3,10,26.0,26.0,1
6.0,4,10,41.0,26.0,1
12.0,4,10,43.0,43.0,1
28.67,4,10,35.0,35.0,1
24.0,4,10,35.0,35.0,1
36.0,4,10,31.0,31.0,1
18.0,4,10,29.0,29.0,1
12.0,3,10,51.0,51.0,1
75.0,3,10,17.0,17.0,1
6.0,3,10,46.0,46.0,1
6.0,3,10,15.0,15.0,1
12.0,3,10,53.0,53.0,1
12.0,3,10,36.0,36.0,1
6.0,3,10,53.0,53.0,1
68.0,4,10,38.0,38.0,1
6.0,4,10,38.0,38.0,1
8.0,4,10,38.0,38.0,1
9.0,4,10,95.0,95.0,1
14.0,4,10,15.0,15.0,1
24.0,4,10,34.0,34.0,1
12.0,3,10,42.0,26.0,1
6.0,3,10,37.0,37.0,1
24.0,3,10,51.0,51.0,1
12.0,3,10,52.0,35.0,1
12.0,3,10,57.0,36.0,1
6.0,4,10,39.0,39.0,1
10.0,4,10,39.0,39.0,1
18.0,4,10,36.0,36.0,1
24.0,4,10,29.0,29.0,1
6.0,4,10,46.0,46.0,1
30.2,4,10,38.0,38.0,1
32.0,3,10,57.0,6.0,1
6.0,3,10,47.0,27.0,1
6.0,3,10,52.0,21.0,1
48.0,3,10,33.0,33.0,1
6.0,3,10,49.0,27.0,1
18.0,4,10,25.0,25.0,1
11.0,4,10,33.0,33.0,1
63.0,4,10,32.0,32.0,1
54.0,3,10,29.0,29.0,1
18.1,4,10,28.0,28.0,1
36.1,4,10,31.0,31.0,1
60.2,4,10,30.0,30.0,1
24.05,4,10,47.0,27.0,1
34.18,4,10,40.0,40.0,1
45.59,4,10,41.0,41.0,1
12.0,4,10,23.0,23.0,1
45.1,4,10,27.0,27.0,1
56.0,3,11,43.0,43.0,1
121.0,2,11,13.0,13.0,1
28.0,3,11,25.0,25.0,1
18.0,2,11,35.0,35.0,1
45.0,3,11,37.0,37.0,1
50.0,3,11,52.0,1.0,1
42.0,3,11,39.0,39.0,1
42.0,3,11,37.0,37.0,1
89.0,3,11,37.0,37.0,1
67.0,3,11,37.0,37.0,1
51.0,3,11,39.0,39.0,1
11.0,3,11,37.0,18.0,1
6.9,2,11,43.0,43.0,2
18.75,2,11,30.0,30.0,4
46.0,3,11,40.0,40.0,4
12.0,3,11,40.0,40.0,3
102.0,3,11,34.0,34.0,3
50.0,3,11,43.0,43.0,3
57.0,3,11,43.0,43.0,3
6.0,2,11,49.0,7.0,1
36.0,2,11,35.0,7.0,1
6.0,4,11,21.0,21.0,1
41.0,3,11,21.0,21.0,1
6.0,3,11,51.0,21.0,1
18.0,4,11,57.0,26.0,1
24.0,4,11,25.0,25.0,1
42.0,5,11,45.0,45.0,1
6.0,5,11,35.0,35.0,1
5.0,5,11,39.0,39.0,1
6.0,5,11,38.0,38.0,1
12.0,5,11,39.0,39.0,1
11.0,5,11,39.0,39.0,1
6.0,5,11,39.0,39.0,1
45.0,5,11,35.0,35.0,1
6.0,5,11,45.0,45.0,1
6.0,5,11,42.0,42.0,1
72.0,5,11,18.0,18.0,1
7.0,5,11,53.0,53.0,1
7.0,5,11,50.0,50.0,1
6.0,5,11,29.0,29.0,1
22.0,5,11,38.0,38.0,1
6.0,5,11,41.0,41.0,1
6.0,4,11,47.0,47.0,4
15.0,5,11,43.0,43.0,1
12.0,4,11,57.0,57.0,1
6.0,4,11,45.0,45.0,1
6.0,4,11,43.0,43.0,1
118.0,4,11,48.0,48.0,1
6.0,4,11,54.0,54.0,1
9.0,4,11,42.0,42.0,1
54.0,4,11,26.0,26.0,1
12.0,4,11,52.0,52.0,1
6.0,5,11,52.0,52.0,1
71.0,5,11,52.0,3.0,1
69.0,5,11,33.0,33.0,1
31.0,5,11,40.0,40.0,1
21.0,4,11,44.0,44.0,1
12.0,4,11,36.0,30.0,1
34.0,4,11,46.0,46.0,1
22.0,4,11,45.0,45.0,1
17.0,4,11,45.0,45.0,1
7.0,3,11,37.0,37.0,1
4.0,4,11,56.0,30.0,1
8.0,4,11,57.0,57.0,1
72.0,4,11,55.0,25.0,1
6.0,5,11,34.0,34.0,1
6.0,4,11,42.0,42.0,1
6.0,4,11,47.0,47.0,1
12.0,4,11,56.0,56.0,1
6.0,4,11,56.0,56.0,1
28.0,4,11,43.0,28.0,1
11.0,4,11,37.0,37.0,1
16.0,4,11,22.0,22.0,1
46.0,4,11,44.0,44.0,1
14.0,4,11,41.0,41.0,1
67.0,4,11,56.0,56.0,1
21.0,4,11,42.0,42.0,1
51.0,4,11,57.0,18.0,1
24.0,4,11,22.0,22.0,1
99.0,4,11,49.0,23.0,1
99.0,4,11,53.0,53.0,1
12.0,4,11,55.0,55.0,1
18.0,4,11,27.0,27.0,1
103.0,4,11,55.0,55.0,1
6.0,4,11,56.0,30.0,1
38.0,4,11,56.0,1.0,1
6.0,5,11,37.0,37.0,1
24.0,4,11,57.0,57.0,1
12.0,4,11,41.0,41.0,1
66.0,4,11,56.0,56.0,1
6.0,4,11,49.0,49.0,1
16.0,4,11,43.0,43.0,1
12.0,4,11,30.0,30.0,1
6.0,4,11,39.0,39.0,1
103.0,4,11,55.0,19.0,1
11.0,4,11,49.0,49.0,1
23.0,4,11,44.0,44.0,1
6.0,4,11,44.0,44.0,1
11.0,4,11,67.0,36.0,1
12.0,4,11,44.0,44.0,1
109.0,4,11,53.0,53.0,1
12.0,4,11,53.0,53.0,1
8.0,4,11,39.0,39.0,1
62.0,4,11,28.0,28.0,1
23.0,4,11,39.0,2.0,1
7.0,5,11,33.0,33.0,1
6.0,5,11,31.0,31.0,1
8.0,5,11,39.0,39.0,1
5.0,4,11,39.0,39.0,1
6.0,5,11,51.0,51.0,1
12.0,5,11,45.0,45.0,1
12.0,5,11,49.0,49.0,1
22.0,5,11,49.0,49.0,1
12.5,5,11,39.0,39.0,1
34.0,5,11,29.0,29.0,1
12.5,5,11,49.0,49.0,1
12.5,5,11,45.0,45.0,1
74.5,4,11,49.0,2.0,1
216.0,4,11,55.0,55.0,1
6.0,4,11,59.0,59.0,1
6.0,4,11,35.0,35.0,1
4.0,4,11,37.0,37.0,1
18.0,4,11,39.0,39.0,1
6.0,4,11,28.0,28.0,1
210.0,4,11,28.0,28.0,1
24.0,4,11,51.0,51.0,1
6.0,4,11,37.0,37.0,1
24.0,5,11,45.0,45.0,1
6.0,5,11,45.0,45.0,1
5.0,5,11,37.0,37.0,1
6.0,5,11,40.0,40.0,1
36.0,5,11,30.0,30.0,1
9.0,5,11,25.0,25.0,1
10.0,5,11,37.0,37.0,1
9.0,5,11,35.0,35.0,1
30.0,5,11,37.0,37.0,1
12.0,5,11,37.0,37.0,1
18.0,5,11,44.0,44.0,1
12.0,5,11,26.0,26.0,1
12.0,5,11,24.0,24.0,1
7.0,5,11,37.0,37.0,1
17.0,5,11,37.0,37.0,1
8.0,5,11,35.0,35.0,1
40.0,4,11,64.0,49.0,1
6.0,4,11,50.0,50.0,1
17.0,5,11,70.0,27.0,1
7.0,4,11,50.0,22.0,1
24.0,4,11,37.0,37.0,1
6.0,5,11,23.0,23.0,1
6.0,5,11,47.0,47.0,1
19.0,5,11,39.0,39.0,1
7.0,5,11,39.0,39.0,1
24.0,5,11,39.0,39.0,1
12.0,5,11,36.0,36.0,1
44.0,5,11,29.0,29.0,1
12.0,5,11,29.0,29.0,1
126.0,4,11,19.0,19.0,1
6.0,5,11,36.0,36.0,1
6.0,5,11,20.0,20.0,1
5.0,5,11,44.0,44.0,1
57.0,5,11,28.0,28.0,1
40.0,5,11,54.0,54.0,1
12.0,5,11,41.0,41.0,1
24.0,5,11,50.0,50.0,1
30.0,5,11,35.0,35.0,1
9.0,5,11,30.0,30.0,1
20.0,5,11,37.0,37.0,1
36.0,5,11,35.0,35.0,1
31.0,5,11,25.0,25.0,1
35.0,5,11,37.0,37.0,1
6.0,5,11,49.0,49.0,1
12.0,5,11,42.0,42.0,1
30.0,5,11,38.0,38.0,1
12.0,5,11,28.0,28.0,1
6.0,5,11,30.0,30.0,1
80.0,5,11,27.0,27.0,1
70.0,5,11,37.0,37.0,1
25.0,5,11,27.0,27.0,1
94.0,5,11,44.0,44.0,1
6.0,5,11,55.0,55.0,1
13.0,5,11,33.0,33.0,1
5.0,5,11,51.0,51.0,1
7.0,5,11,47.0,47.0,1
4.0,5,11,43.0,43.0,1
8.0,5,11,53.0,53.0,1
8.0,5,11,43.0,43.0,1
7.0,5,11,45.0,45.0,1
12.0,5,11,43.0,43.0,1
12.0,5,11,40.0,40.0,1
12.0,5,11,44.0,44.0,1
6.0,5,11,22.0,22.0,1
33.0,5,11,29.0,29.0,1
33.0,4,11,29.0,29.0,1
18.0,5,11,39.0,39.0,1
30.0,5,11,45.0,45.0,1
7.0,4,11,37.0,37.0,1
6.0,4,11,26.0,26.0,1
6.0,4,11,52.0,52.0,1
30.0,4,11,34.0,34.0,1
12.0,4,11,34.0,34.0,1
6.0,4,11,2007.0,2007.0,1
8.0,5,11,37.0,37.0,1
26.5,5,11,38.0,38.0,1
26.5,5,11,42.0,42.0,1
5.0,5,11,42.0,42.0,1
14.0,5,11,32.0,32.0,1
9.0,5,11,39.0,39.0,1
9.0,5,11,38.0,38.0,1
18.0,4,11,37.0,37.0,1
12.0,4,11,37.0,37.0,1
102.0,4,11,78.0,78.0,1
14.0,4,11,47.0,47.0,1
32.0,4,11,45.0,45.0,1
72.0,5,11,16.0,16.0,1
84.0,5,11,27.0,27.0,1
6.0,5,11,18.0,18.0,1
12.0,5,11,31.0,31.0,1
18.0,5,11,35.0,35.0,1
10.0,5,11,38.0,38.0,1
48.0,5,11,26.0,26.0,1
24.0,5,11,26.0,26.0,1
24.0,5,11,31.0,31.0,1
12.0,5,11,27.0,27.0,1
11.0,5,11,37.0,37.0,1
24.0,5,11,30.0,30.0,1
28.0,5,11,51.0,51.0,1
5.0,5,11,47.0,47.0,1
24.0,5,11,33.0,33.0,1
24.0,5,11,34.0,34.0,1
19.0,5,11,34.0,34.0,1
6.0,5,11,33.0,33.0,1
36.0,5,11,32.0,32.0,1
8.0,5,11,2007.0,2007.0,1
6.0,5,11,27.0,27.0,1
6.0,5,11,17.0,17.0,1
24.0,5,11,28.0,28.0,1
18.0,4,11,32.0,32.0,1
6.0,5,11,2007.0,2007.0,1
18.0,5,11,49.0,49.0,1
6.0,5,11,32.0,32.0,1
12.0,5,11,35.0,35.0,1
12.0,5,11,2007.0,2007.0,1
18.0,5,11,37.0,37.0,1
12.0,5,11,25.0,25.0,1
37.0,5,11,29.0,29.0,1
11.0,5,11,52.0,52.0,1
16.0,5,11,47.0,47.0,1
9.0,5,11,45.0,45.0,1
37.0,5,11,31.0,31.0,1
6.0,5,11,53.0,53.0,1
6.0,5,11,26.0,26.0,1
7.0,5,11,27.0,27.0,1
6.0,5,11,54.0,54.0,1
12.0,5,11,53.0,53.0,1
18.0,5,11,48.0,48.0,1
6.0,5,11,57.0,57.0,1
12.0,4,11,42.0,42.0,1
10.0,5,11,2007.0,2007.0,1
6.0,5,11,43.0,43.0,1
9.0,5,11,42.0,42.0,1
21.0,5,11,39.0,39.0,1
5.0,5,11,43.0,43.0,1
18.0,5,11,28.0,28.0,1
11.0,5,11,59.0,21.0,1
5.0,5,11,33.0,33.0,1
22.0,5,11,37.0,37.0,1
5.0,5,11,38.0,38.0,1
29.0,5,11,78.0,27.0,1
9.0,5,11,37.0,37.0,1
7.0,5,11,42.0,2.0,1
20.0,5,11,42.0,42.0,1
42.0,5,11,38.0,38.0,1
23.0,5,11,53.0,53.0,1
14.0,5,11,55.0,55.0,1
72.0,5,11,31.0,31.0,1
64.0,5,11,23.0,23.0,1
24.0,5,11,27.0,27.0,1
12.0,5,11,32.0,32.0,1
13.0,5,11,40.0,40.0,1
18.0,5,11,40.0,40.0,1
23.0,5,11,40.0,40.0,1
6.0,5,11,28.0,28.0,1
11.0,5,11,42.0,42.0,1
10.0,5,11,51.0,51.0,1
12.0,5,11,34.0,34.0,1
18.0,5,11,33.0,33.0,1
4.0,5,11,39.0,39.0,1
18.0,5,11,32.0,32.0,1
36.6,2,12,16.0,16.0,4
36.6,2,12,7.0,7.0,1
36.6,2,12,7.0,7.0,2
36.6,2,12,11.0,11.0,2
36.64,2,12,16.0,16.0,2
24.55,2,12,15.0,15.0,2
39.35,2,12,55.0,55.0,4
48.7,2,12,11.0,11.0,2
40.76,2,12,55.0,55.0,4
36.6,2,12,11.0,11.0,1
36.6,2,12,11.0,11.0,2
57.6,2,12,0.0,0.0,2
32.6,2,12,54.0,54.0,5
36.6,1,12,32.0,32.0,2
30.11,1,12,32.0,32.0,1
24.55,1,12,33.0,33.0,2
89.29,1,12,33.0,33.0,2
60.7,2,12,22.0,22.0,2
33.66,2,12,56.0,56.0,2
135.8,1,12,24.0,24.0,2
14.0,2,12,43.0,25.0,4
6.0,2,12,52.0,14.0,4
18.5,2,12,57.0,21.0,4
36.55,2,12,18.0,18.0,2
15.2,2,12,52.0,3.0,4
13.05,2,12,22.0,22.0,3
13.5,2,12,22.0,22.0,5
63.6,1,12,14.0,14.0,2
34.68,1,12,43.0,43.0,2
264.85,2,12,29.0,29.0,2
12.97,1,12,21.0,21.0,2
24.65,1,12,19.0,19.0,2
36.6,1,12,28.0,28.0,3
7.0,2,12,59.0,38.0,3
7.1,2,12,59.0,59.0,2
5.9,2,12,46.0,29.0,4
31.5,2,12,55.0,55.0,3
40.08,2,12,39.0,39.0,3
56.18,2,12,39.0,39.0,2
18.0,2,12,54.0,21.0,4
24.55,2,12,53.0,16.0,4
43.0,2,12,55.0,55.0,3
101.0,3,12,42.0,42.0,1
6.0,3,12,43.0,24.0,5
6.0,3,12,43.0,24.0,3
51.0,3,12,42.0,42.0,1
24.0,3,12,48.0,48.0,3
24.0,3,12,41.0,41.0,3
18.0,3,12,41.0,41.0,2
244.0,3,12,41.0,1.0,1
6.0,3,12,27.0,27.0,1
30.0,3,12,46.0,46.0,2
6.0,3,12,46.0,46.0,3
12.0,3,12,46.0,46.0,3
84.0,3,12,46.0,46.0,3
45.0,3,12,46.0,46.0,3
5.0,3,12,46.0,46.0,3
6.0,3,12,45.0,45.0,3
128.92,3,12,36.0,36.0,1
6.0,2,12,47.0,31.0,3
12.9,2,12,47.0,31.0,3
12.0,2,12,43.0,43.0,3
67.08,2,12,36.0,36.0,1
20.15,2,12,3.0,3.0,2
283.0,2,12,3.0,3.0,1
93.7,2,12,3.0,3.0,2
73.1,5,12,3.0,3.0,1
44.2,4,12,3.0,3.0,1
7.8,4,12,46.0,46.0,4
36.55,3,12,15.0,15.0,3
14.75,3,12,46.0,46.0,4
8.5,3,12,46.0,46.0,4
8.5,3,12,45.0,45.0,4
36.2,4,12,43.0,3.0,4
84.5,3,12,44.0,44.0,4
6.0,3,12,57.0,22.0,4
37.5,3,12,31.0,31.0,4
101.31,3,12,39.0,39.0,2
8.0,3,12,57.0,27.0,4
24.65,3,12,29.0,29.0,2
19.15,3,12,47.0,47.0,4
57.6,3,12,29.0,29.0,2
45.48,3,12,40.0,40.0,5
40.08,3,12,37.0,37.0,2
100.2,3,12,1.0,1.0,1
24.5,2,12,13.0,1.0,2
50.88,3,12,42.0,1.0,2
57.5,3,12,42.0,42.0,4
18.1,3,12,38.0,25.0,2
30.8,3,12,43.0,21.0,3
19.6,3,12,51.0,25.0,4
24.65,3,12,45.0,23.0,5
33.0,3,12,48.0,48.0,4
11.6,3,12,48.0,48.0,2
9.2,3,12,49.0,38.0,4
6.0,3,12,49.0,3.0,4
7.8,3,12,49.0,38.0,4
15.0,3,12,49.0,36.0,4
18.1,3,12,36.0,36.0,3
5.0,3,12,54.0,17.0,5
18.1,3,12,51.0,38.0,4
24.15,3,12,33.0,33.0,2
24.65,3,12,33.0,33.0,2
111.5,3,12,32.0,17.0,2
108.9,3,12,21.0,21.0,4
18.6,3,12,31.0,31.0,4
6.9,3,12,57.0,22.0,5
198.51,3,12,38.0,3.0,1
8.1,3,12,15.0,15.0,2
30.7,3,12,30.0,30.0,5
60.3,4,12,33.0,33.0,4
36.9,4,12,29.0,29.0,3
36.75,3,12,28.0,28.0,5
13.05,4,12,47.0,16.0,4
13.25,3,12,28.0,16.0,4
24.35,4,12,42.0,42.0,5
20.5,4,12,47.0,47.0,5
6.5,3,12,34.0,34.0,4
48.75,4,12,31.0,31.0,3
46.09,4,12,40.0,40.0,2
46.09,4,12,38.0,38.0,3
12.15,3,12,52.0,18.0,5
6.0,3,12,18.0,18.0,3
5.0,4,12,50.0,50.0,5
6.0,3,12,51.0,23.0,4
6.0,4,12,51.0,51.0,3
45.6,4,12,24.0,24.0,3
50.88,4,12,43.0,43.0,5
50.88,3,12,43.0,43.0,5
6.0,2,12,42.0,29.0,5
12.06,4,12,42.0,42.0,5
6.0,4,12,55.0,27.0,2
12.45,4,12,57.0,23.0,3
5.0,4,12,52.0,52.0,5
6.0,4,12,52.0,29.0,2
36.75,4,12,41.0,41.0,4
6.0,4,12,40.0,40.0,4
6.0,4,12,19.0,19.0,4
101.31,4,12,36.0,36.0,5
67.69,4,12,36.0,36.0,4
7.15,4,12,57.0,12.0,4
6.0,4,12,57.0,57.0,4
6.0,4,12,57.0,29.0,4
6.0,3,12,46.0,26.0,4
7.0,3,12,46.0,26.0,4
18.9,3,12,44.0,21.0,4
12.55,3,12,44.0,20.0,4
36.6,3,12,31.0,31.0,2
6.0,3,12,45.0,18.0,2
6.0,3,12,45.0,18.0,5
6.0,3,12,45.0,18.0,4
6.0,3,12,45.0,18.0,3
6.0,3,12,44.0,19.0,5
6.0,3,12,44.0,19.0,4
34.68,3,12,37.0,37.0,4
18.1,3,12,43.0,43.0,2
6.0,3,12,42.0,42.0,2
6.0,3,12,42.0,42.0,3
6.0,3,12,41.0,41.0,2
6.0,3,12,44.0,44.0,2
133.71,3,12,33.0,33.0,2
35.8,3,12,36.0,36.0,4
96.85,4,12,26.0,26.0,2
13.1,4,12,43.0,37.0,4
7.0,3,12,44.0,23.0,5
72.65,4,12,12.0,12.0,2
6.0,4,12,44.0,18.0,4
45.58,3,12,33.0,33.0,2
45.48,3,12,47.0,47.0,3
60.7,3,12,34.0,34.0,3
25.15,3,12,49.0,21.0,4
48.85,3,12,54.0,54.0,4
54.6,3,12,24.0,24.0,2
40.08,3,12,43.0,43.0,3
36.7,4,12,22.0,22.0,2
25.0,4,12,45.0,18.0,4
67.0,4,12,37.0,18.0,2
48.0,4,12,34.0,34.0,3
7.0,4,12,43.0,43.0,4
7.0,4,12,42.0,42.0,3
6.0,4,12,39.0,16.0,3
6.0,4,12,35.0,35.0,3
6.0,4,12,38.0,38.0,4
36.0,4,12,37.0,37.0,2
36.0,4,12,36.0,36.0,2
24.0,4,12,30.0,30.0,2
12.0,4,12,50.0,30.0,3
30.0,4,12,40.0,40.0,4
6.0,4,12,36.0,32.0,2
10.0,4,12,43.0,2.0,4
54.0,4,12,28.0,28.0,4
6.0,4,12,44.0,30.0,4
12.0,4,12,38.0,38.0,4
24.0,4,12,29.0,29.0,4
126.0,2,12,26.0,26.0,2
18.0,4,12,44.0,17.0,4
30.7,4,12,30.0,30.0,4
24.0,4,12,31.0,31.0,4
6.0,4,12,53.0,53.0,5
18.0,4,12,44.0,44.0,2
24.0,4,12,30.0,30.0,4
48.0,4,12,58.0,58.0,2
16.0,5,12,47.0,47.0,4
20.0,4,12,33.0,33.0,2
12.0,4,12,47.0,47.0,4
50.0,4,12,34.0,34.0,2
24.0,4,12,28.0,28.0,2
12.0,4,12,29.0,29.0,2
49.0,4,12,29.0,29.0,2
101.0,3,12,35.0,35.0,2
67.0,4,12,33.0,33.0,1
24.0,4,12,37.0,37.0,2
24.0,4,12,38.0,38.0,4
24.0,4,12,37.0,37.0,4
35.0,4,12,80.0,80.0,4
22.0,4,12,46.0,46.0,4
12.0,4,12,29.0,29.0,2
7.0,4,12,30.0,30.0,5
12.0,4,12,27.0,27.0,3
30.0,4,12,28.0,28.0,2
51.0,3,12,35.0,35.0,1
30.0,3,12,35.0,,4
9.0,3,12,39.0,39.0,2
9.0,3,12,38.0,38.0,3
6.0,4,12,39.0,39.0,5
24.0,4,12,36.0,1.0,4
8.0,4,12,47.0,47.0,2
6.0,4,12,41.0,41.0,3
25.0,4,12,45.0,,4
18.6,4,12,34.0,20.0,2
12.0,4,12,34.0,34.0,2
19.0,4,12,38.0,38.0,4
12.0,4,12,30.0,30.0,3
12.0,4,12,30.0,30.0,2
18.0,4,12,30.0,30.0,4
6.0,5,12,34.0,34.0,3
6.0,4,12,35.0,35.0,2
24.0,3,12,30.0,30.0,2
12.65,4,12,36.0,36.0,2
12.0,5,12,54.0,54.0,5
5.0,4,12,32.0,32.0,5
24.0,4,12,29.0,29.0,5
6.0,4,12,40.0,2.0,5
24.0,4,12,31.0,31.0,5
6.0,4,12,39.0,39.0,2
6.0,4,12,39.0,39.0,4
12.0,4,12,19.0,19.0,4
30.0,4,12,33.0,33.0,5
6.0,4,12,58.0,58.0,4
8.0,4,12,43.0,43.0,5
24.0,4,12,28.0,28.0,3
12.0,4,12,32.0,32.0,5
30.66,4,12,27.0,27.0,2
12.0,4,12,34.0,34.0,4
24.0,4,12,39.0,39.0,4
6.0,4,12,39.0,39.0,4
6.0,4,12,42.0,42.0,2
12.0,4,12,31.0,,4
7.0,4,12,31.0,31.0,4
6.0,4,12,36.0,36.0,2
18.0,4,12,37.0,37.0,4
12.0,4,12,19.0,19.0,2
12.0,4,12,28.0,28.0,3
8.0,4,12,36.0,36.0,2
13.0,4,12,51.0,51.0,4
10.0,3,12,35.0,21.0,4
18.0,4,12,32.0,32.0,4
6.0,5,12,23.0,23.0,2
63.6,3,12,38.0,38.0,2
6.0,4,12,51.0,29.0,4
15.0,5,12,39.0,20.0,2
12.55,4,12,34.0,34.0,4
30.2,4,12,29.0,29.0,3
12.05,4,12,37.0,37.0,4
5.0,5,12,34.0,34.0,4
6.0,4,12,35.0,23.0,4
6.0,4,12,35.0,35.0,2
12.0,4,12,16.0,16.0,2
24.51,4,12,16.0,16.0,2
6.0,4,12,31.0,31.0,2
6.0,4,12,42.0,42.0,4
12.0,4,12,28.0,28.0,4
36.6,4,12,31.0,31.0,4
30.0,4,12,27.0,27.0,5
6.4,4,12,30.0,30.0,4
12.0,4,12,30.0,30.0,4
12.45,4,12,30.0,30.0,3
24.75,4,12,27.0,27.0,4
24.0,4,12,29.0,29.0,4
18.0,4,12,32.0,32.0,4
30.0,4,12,32.0,32.0,5
18.5,4,12,29.0,29.0,2
17.0,4,12,34.0,34.0,4
17.0,4,12,6.0,6.0,2
18.0,4,12,48.0,25.0,5
12.0,4,12,26.0,26.0,5
6.5,4,12,26.0,26.0,4
6.5,4,12,26.0,26.0,2
6.4,4,12,48.0,20.0,4
12.0,4,12,43.0,37.0,4
6.0,4,12,46.0,46.0,4
8.0,4,12,47.0,47.0,4
31.0,4,12,30.0,30.0,2
18.0,4,12,20.0,20.0,4
6.0,4,12,39.0,39.0,2
25.0,4,12,28.0,,5
6.0,4,12,35.0,35.0,4
11.0,4,12,50.0,50.0,4
18.0,3,12,19.0,19.0,5
24.0,4,12,30.0,30.0,5
46.09,3,12,51.0,51.0,4
45.0,4,12,28.0,28.0,4
6.0,4,12,42.0,42.0,4
3.0,2,12,41.0,41.0,3
6.0,4,12,44.0,44.0,4
4.0,4,12,46.0,46.0,3
4.0,4,12,47.0,47.0,4
9.0,4,12,39.0,39.0,4
12.0,4,12,37.0,37.0,2
48.0,4,12,26.0,26.0,2
7.0,4,12,42.0,42.0,3
24.0,4,12,28.0,28.0,4
43.0,4,12,30.0,30.0,2
6.0,4,12,52.0,52.0,5
8.0,4,12,39.0,39.0,4
24.0,4,12,37.0,37.0,4
24.65,4,12,37.0,37.0,2
9.0,5,12,37.0,37.0,2
15.0,4,12,32.0,32.0,2
12.0,4,12,62.0,31.0,4
19.0,4,12,61.0,61.0,4
48.0,4,12,45.0,45.0,2
12.55,4,12,33.0,33.0,3
12.0,5,12,39.0,39.0,2
6.0,4,12,37.0,37.0,4
24.0,4,12,28.0,28.0,2
30.0,4,12,34.0,34.0,4
6.0,4,12,34.0,34.0,4
12.0,4,12,33.0,33.0,4
24.0,4,12,24.0,24.0,4
60.0,4,12,32.0,32.0,3
12.0,4,12,36.0,36.0,4
6.0,4,12,33.0,17.0,5
30.0,4,12,17.0,17.0,4
12.0,4,12,31.0,31.0,5
18.0,4,12,33.0,33.0,5
12.0,4,12,27.0,27.0,3
12.0,4,12,23.0,23.0,4
6.0,4,12,9.0,9.0,4
48.0,4,12,37.0,37.0,4
44.0,4,12,34.0,34.0,2
67.69,4,12,50.0,50.0,4
6.0,4,12,46.0,46.0,4
12.0,4,12,28.0,28.0,4
36.0,4,12,22.0,22.0,4
6.0,4,12,24.0,24.0,2
6.0,4,12,37.0,37.0,4
38.0,4,12,27.0,27.0,2
24.0,4,12,32.0,32.0,2
49.0,4,12,21.0,21.0,4
6.0,4,12,31.0,31.0,4
12.0,4,12,8.0,8.0,2
6.0,4,12,10.0,10.0,2
108.0,3,12,19.0,19.0,2
30.0,4,12,30.0,30.0,4
6.0,4,12,38.0,38.0,2
18.0,4,12,30.0,30.0,5
12.0,4,12,38.0,38.0,5
22.0,4,12,52.0,52.0,5
36.0,3,12,18.0,18.0,5
19.0,4,12,44.0,44.0,5
10.0,4,12,36.0,25.0,2
6.0,4,12,34.0,34.0,2
6.0,5,12,31.0,31.0,4
24.55,4,12,44.0,44.0,4
6.0,4,12,44.0,44.0,4
7.0,4,12,32.0,32.0,2
12.0,4,12,33.0,33.0,2
30.0,4,12,32.0,32.0,4
19.0,4,12,32.0,32.0,4
6.0,4,12,32.0,32.0,4
12.0,4,12,31.0,,4
37.0,4,12,31.0,31.0,4
49.0,4,12,26.0,26.0,5
12.0,5,12,43.0,43.0,4
24.0,4,12,48.0,48.0,5
42.0,4,12,27.0,27.0,5
24.0,4,12,29.0,29.0,5
24.0,4,12,17.0,17.0,5
12.0,4,12,54.0,54.0,5
6.0,5,12,58.0,58.0,4
6.0,4,12,22.0,22.0,5
12.0,4,12,33.0,16.0,5
6.0,4,12,16.0,16.0,2
24.0,5,12,29.0,29.0,1
30.0,4,12,26.0,26.0,4
12.0,4,12,33.0,33.0,3
30.0,4,12,40.0,40.0,4
24.0,4,12,40.0,20.0,3
24.0,4,12,26.0,26.0,3
6.0,5,12,31.0,31.0,4
24.0,4,12,43.0,,4
8.0,4,12,25.0,25.0,4
12.0,4,12,43.0,43.0,4
9.0,4,12,33.0,33.0,4
8.0,4,12,27.0,27.0,4
12.55,5,12,25.0,25.0,4
6.0,4,12,38.0,38.0,4
6.0,5,12,40.0,40.0,4
6.0,4,12,29.0,29.0,4
6.0,4,12,31.0,31.0,2
30.0,4,12,28.0,28.0,4
25.0,4,12,25.0,25.0,2
8.0,4,12,43.0,43.0,4
18.6,4,12,34.0,34.0,5
12.55,4,12,22.0,22.0,3
12.0,4,12,32.0,32.0,4
12.0,4,12,26.0,26.0,4
12.0,4,12,47.0,32.0,3
24.0,4,12,14.0,14.0,4
6.0,4,12,33.0,33.0,3
12.0,4,12,33.0,33.0,4
6.0,4,12,27.0,27.0,4
25.0,4,12,18.0,18.0,4
18.0,4,12,29.0,29.0,4
18.0,4,12,27.0,27.0,5
24.0,4,12,36.0,36.0,4
24.0,4,12,28.0,28.0,4
48.0,4,12,28.0,28.0,2
24.0,4,12,17.0,17.0,3
12.0,4,12,41.0,,4
9.0,4,12,36.0,24.0,2
18.0,4,12,41.0,41.0,2
6.0,4,12,41.0,41.0,2
6.0,4,12,40.0,40.0,2
6.0,4,12,34.0,34.0,4
6.0,5,12,40.0,40.0,2
36.0,4,12,28.0,28.0,2
36.0,4,12,19.0,,3
18.0,4,12,20.0,20.0,2
12.0,4,12,30.0,30.0,4
24.65,4,12,44.0,44.0,4
6.0,4,12,44.0,44.0,4
34.68,4,12,29.0,29.0,4
30.0,4,12,26.0,26.0,4
6.2,4,12,14.0,14.0,3
7.0,4,12,33.0,33.0,4
18.0,5,12,40.0,40.0,4
12.0,4,12,39.0,39.0,3
43.0,4,12,23.0,23.0,3
12.0,4,12,6.0,6.0,4
18.0,4,12,26.0,26.0,4
25.0,4,12,19.0,19.0,4
6.0,4,12,22.0,22.0,4
12.0,3,13,96.0,41.0,4
3.0,3,13,76.0,34.0,3
24.0,3,13,46.0,30.0,3
12.0,3,13,46.0,30.0,3
38.2,3,13,50.0,50.0,3
6.0,3,13,32.0,16.0,3
12.0,3,13,96.0,32.0,3
4.6,2,13,97.0,33.0,3
4.5,3,13,97.0,33.0,3
5.7,3,13,37.0,17.0,3
91.73,2,13,45.0,45.0,3
12.1,3,13,37.0,37.0,5
14.2,3,13,42.0,42.0,3
32.25,2,13,39.0,39.0,3
18.0,3,13,29.0,17.0,3
44.15,3,13,47.0,47.0,3
6.0,3,13,2007.0,17.0,3
6.0,3,13,37.0,17.0,3
3.7,2,13,2007.0,17.0,3
6.9,3,13,49.0,28.0,3
2.2,3,13,97.0,33.0,3
19.7,3,13,77.0,26.0,3
18.0,3,13,77.0,26.0,3
6.0,3,13,49.0,27.0,3
17.0,3,13,3.0,3.0,1
6.0,3,13,97.0,28.0,3
6.0,2,13,49.0,27.0,3
6.0,2,13,98.0,28.0,3
21.03,3,13,48.0,26.0,5
6.0,3,13,2008.0,2008.0,1
12.0,5,13,2008.0,2008.0,1
6.5,2,14,52.0,52.0,3
6.7,2,14,52.0,36.0,3
45.51,2,14,27.0,,2
12.04,3,14,40.0,20.0,3
27.0,3,14,87.0,40.0,4
3.7,3,14,47.0,27.0,5
12.04,3,14,47.0,16.0,3
12.02,2,14,47.0,1.0,4
12.04,2,14,48.0,1.0,4
33.5,4,14,74.0,15.0,3
3.0,2,14,75.0,17.0,4
7.05,2,14,45.0,45.0,3
26.13,2,14,47.0,47.0,3
11.25,2,14,47.0,16.0,3
11.47,4,14,69.0,69.0,3
13.0,4,14,67.0,29.0,3
12.0,4,14,76.0,18.0,3
13.35,4,14,67.0,,3
18.9,4,14,35.0,35.0,3
67.49,3,14,37.0,17.0,4
55.0,1,15,3.0,3.0,1
62.08,1,15,0.0,0.0,1
36.0,1,15,23.0,15.0,1
6.0,2,15,49.0,18.0,3
6.0,2,15,76.0,28.0,3
12.05,2,15,48.0,24.0,3
18.4,2,15,40.0,40.0,3
24.0,2,15,52.0,22.0,2
24.0,2,15,52.0,22.0,2
9.4,2,15,44.0,27.0,3
6.35,2,15,27.0,,3
6.0,2,15,44.0,18.0,3
6.0,2,15,44.0,18.0,3
6.1,2,15,74.0,28.0,3
6.0,2,15,32.0,32.0,3
6.0,2,15,77.0,27.0,5
12.6,2,15,75.0,27.0,3
12.6,2,15,75.0,27.0,3
9.7,2,15,46.0,28.0,3
6.0,2,15,42.0,26.0,3
10.05,2,15,63.0,19.0,3
6.0,3,15,52.0,18.0,4
6.0,2,15,40.0,40.0,3
9.1,2,15,67.0,18.0,3
12.0,2,15,43.0,20.0,3
6.4,2,15,35.0,20.0,3
12.1,2,15,39.0,19.0,3
6.45,2,15,26.0,18.0,3
42.0,4,15,10.0,10.0,5
42.0,4,15,8.0,8.0,4
18.0,4,15,9.0,9.0,4
67.0,4,15,38.0,38.0,3
45.0,5,15,0.0,0.0,1
201.0,2,16,57.0,1.0,1
226.0,2,16,57.0,5.0,5
3.0,2,16,46.0,35.0,4
12.0,2,16,53.0,33.0,2
12.0,2,16,54.0,32.0,3
6.0,2,16,55.0,32.0,3
6.0,2,16,56.0,40.0,4
12.0,2,16,57.0,40.0,5
6.0,2,16,58.0,31.0,5
6.0,2,16,56.0,31.0,5
58.0,2,16,45.0,17.0,5
40.0,2,16,42.0,16.0,5
6.0,2,16,52.0,32.0,4
36.0,3,16,41.0,31.0,4
12.0,3,16,42.0,29.0,3
11.0,3,16,40.0,40.0,5
11.0,3,16,40.0,40.0,1
34.0,3,16,43.0,4.0,1
24.0,3,16,42.0,15.0,4
6.0,3,16,58.0,35.0,3
36.0,3,16,47.0,40.0,5
12.0,3,16,49.0,40.0,5
200.0,3,16,42.0,42.0,5
6.0,3,16,53.0,14.0,4
6.0,3,16,25.0,14.0,3
6.0,3,16,19.0,19.0,1
69.0,3,16,48.0,12.0,4
37.0,3,16,47.0,13.0,4
67.0,3,16,30.0,30.0,5
42.0,3,16,30.0,30.0,3
54.0,3,16,30.0,30.0,3
127.0,3,16,30.0,30.0,3
6.0,3,16,41.0,11.0,2
200.0,3,16,25.0,25.0,4
64.0,3,16,47.0,9.0,1
30.0,3,16,44.0,44.0,5
7.0,3,16,42.0,32.0,4
6.0,3,16,38.0,38.0,5
15.0,3,16,39.0,12.0,4
6.0,3,16,55.0,13.0,4
6.0,3,16,35.0,35.0,1
55.0,4,16,22.0,22.0,4
16.0,3,16,54.0,54.0,5
6.0,3,16,54.0,54.0,3
6.0,3,16,54.0,54.0,5
40.0,3,16,44.0,44.0,5
171.0,3,16,49.0,49.0,5
10.0,3,16,49.0,49.0,5
15.0,3,16,49.0,49.0,5
23.0,3,16,53.0,13.0,4
185.0,3,16,43.0,6.0,1
24.05,3,17,48.0,22.0,3
12.0,3,17,48.0,22.0,3
12.05,3,17,33.0,33.0,4
18.0,3,17,4.0,4.0,3
8.5,3,17,52.0,52.0,2
18.15,3,17,48.0,48.0,4
6.0,3,17,49.0,49.0,3
12.05,3,17,49.0,20.0,3
6.0,3,17,51.0,51.0,2
6.0,3,17,51.0,51.0,3
17.4,3,17,35.0,35.0,3
12.05,3,17,35.0,35.0,3
68.5,3,17,34.0,34.0,3
55.8,3,17,34.0,34.0,3
12.0,3,17,34.0,34.0,3
8.0,3,17,54.0,54.0,3
6.5,3,17,48.0,48.0,3
12.0,3,17,47.0,47.0,5
12.05,2,17,38.0,38.0,3
162.9,2,17,9.0,9.0,3
18.1,3,17,43.0,34.0,4
43.0,3,17,16.0,16.0,3
55.0,2,17,20.0,20.0,3
6.0,3,17,39.0,22.0,2
178.0,3,17,37.0,14.0,4
121.0,3,17,37.0,37.0,4
27.5,2,18,25.0,25.0,4
6.0,2,18,29.0,29.0,4
13.5,3,18,47.0,10.0,3
6.0,3,18,47.0,47.0,3
13.0,2,18,47.0,29.0,3
6.0,2,18,50.0,50.0,3
6.0,2,18,48.0,48.0,3
18.1,3,18,32.0,32.0,3
13.8,3,18,53.0,53.0,3
3.85,3,18,22.0,22.0,3
120.4,2,18,32.0,,3
50.38,2,18,46.0,46.0,3
12.65,2,18,46.0,46.0,3
60.8,2,18,25.0,,3
12.15,2,18,37.0,21.0,3
34.28,3,18,38.0,38.0,3
16.45,3,18,39.0,,3
4.0,2,18,44.0,25.0,3
56.9,2,18,42.0,25.0,3
56.9,2,18,42.0,1.0,3
56.9,2,18,42.0,2.0,3
5.0,2,18,44.0,25.0,1
11.56,2,18,33.0,33.0,4
24.55,3,18,2.0,2.0,1
45.23,3,18,48.0,48.0,4
12.0,3,18,23.0,,3
11.1,3,18,49.0,49.0,5
18.1,2,18,49.0,18.0,4
101.2,3,18,33.0,33.0,3
24.26,2,18,34.0,18.0,3
6.0,4,18,42.0,42.0,3
5.7,4,18,41.0,41.0,3
18.1,3,18,26.0,26.0,3
24.15,4,18,37.0,37.0,3
12.0,4,18,29.0,14.0,2
5.0,4,18,43.0,43.0,3
4.6,4,18,41.0,41.0,3
120.75,4,18,26.0,26.0,2
4.5,4,18,36.0,36.0,5
12.05,4,18,30.0,30.0,2
6.0,2,18,47.0,,4
17.5,2,18,45.0,45.0,3
12.0,4,18,39.0,,3
9.4,3,18,42.0,33.0,3
6.0,4,18,43.0,43.0,3
12.05,3,18,37.0,1.0,1
24.5,3,18,35.0,35.0,3
6.4,3,18,35.0,35.0,2
24.6,2,18,18.0,18.0,3
6.0,2,18,21.0,21.0,3
24.25,2,18,21.0,21.0,3
26.2,3,18,43.0,43.0,5
18.2,2,18,33.0,33.0,3
6.4,3,18,33.0,33.0,4
12.2,3,18,42.0,42.0,3
34.3,3,18,42.0,42.0,1
12.25,3,18,41.0,41.0,3
12.35,3,18,45.0,45.0,3
7.5,3,18,47.0,47.0,3
3.7,3,18,47.0,47.0,3
6.15,3,18,47.0,47.0,3
12.5,3,18,31.0,31.0,3
6.1,3,18,32.0,32.0,3
5.58,3,18,36.0,36.0,3
6.1,3,18,45.0,45.0,3
48.0,2,18,28.0,28.0,3
5.0,3,18,38.0,38.0,4
144.3,3,18,5.0,5.0,1
12.0,3,18,38.0,38.0,3
24.75,3,18,44.0,,3
36.1,3,18,39.0,39.0,3
8.0,3,18,52.0,52.0,4
24.15,3,18,41.0,41.0,4
9.7,3,18,45.0,45.0,3
30.7,3,18,39.0,39.0,3
18.2,3,18,46.0,46.0,5
6.0,3,18,50.0,50.0,3
6.0,3,18,47.0,47.0,3
48.65,3,18,29.0,29.0,3
6.0,3,18,46.0,46.0,4
6.0,4,18,46.0,1.0,4
6.0,4,18,36.0,36.0,3
12.0,3,18,33.0,33.0,3
12.0,4,18,40.0,40.0,3
6.0,4,18,40.0,40.0,3
4.0,4,18,40.0,40.0,3
12.0,4,18,33.0,33.0,3
18.0,3,18,46.0,46.0,3
7.4,4,18,55.0,55.0,3
12.5,3,18,2.0,,1
101.36,3,18,38.0,2.0,1
6.1,4,18,59.0,59.0,4
12.17,3,18,32.0,32.0,3
12.16,3,18,30.0,30.0,3
34.32,3,18,38.0,38.0,3
57.22,3,18,38.0,38.0,3
12.18,4,18,50.0,50.0,3
5.7,4,18,43.0,,3
18.22,3,18,30.0,30.0,3
36.54,3,18,42.0,42.0,3
12.18,3,18,46.0,46.0,3
34.36,4,18,39.0,,3
6.12,3,18,47.0,47.0,4
12.28,3,18,43.0,,5
26.65,3,18,47.0,47.0,3
6.55,3,18,49.0,49.0,3
184.76,3,18,42.0,,3
184.76,3,18,42.0,,3
28.96,4,18,38.0,38.0,3
34.95,3,18,34.0,34.0,3
12.46,3,18,34.0,34.0,3
35.29,3,18,37.0,,4
26.48,3,18,36.0,36.0,3
84.75,3,18,32.0,32.0,3
24.1,3,18,21.0,,3
12.05,4,18,35.0,35.0,3
6.0,3,18,30.0,30.0,3
6.0,4,18,30.0,30.0,3
36.6,4,18,31.0,31.0,3
12.1,4,18,34.0,34.0,3
56.73,3,18,40.0,40.0,3
6.27,3,18,40.0,40.0,4
12.12,3,18,35.0,35.0,3
72.65,3,18,19.0,19.0,3
78.76,3,18,28.0,,3
6.25,3,18,37.0,37.0,3
96.56,3,18,35.0,35.0,3
12.24,3,18,26.0,26.0,3
6.0,3,18,42.0,42.0,4
12.28,3,18,32.0,32.0,3
6.1,3,18,36.0,36.0,3
72.2,3,18,33.0,33.0,3
198.42,3,18,26.0,,3
23.54,3,18,32.0,32.0,3
12.18,3,18,31.0,31.0,3
36.28,3,18,31.0,,3
36.28,3,18,31.0,,3
12.18,3,18,22.0,22.0,3
36.46,3,18,21.0,21.0,3
6.12,3,18,30.0,,3
12.21,3,18,50.0,50.0,3
28.15,3,18,50.0,50.0,3
12.0,3,18,30.0,30.0,3
12.0,3,18,31.0,31.0,3
35.19,3,18,35.0,35.0,3
18.0,3,18,31.0,31.0,3
67.65,3,18,33.0,33.0,3
18.52,3,18,30.0,30.0,3
36.0,3,18,29.0,29.0,3
11.56,3,18,45.0,45.0,3
6.1,3,18,49.0,,3
6.22,3,18,49.0,,4
12.0,5,18,35.0,,1
12.0,5,18,0.0,0.0,1
14.0,5,18,2.0,,1
145.0,5,18,6.0,,1
40.0,5,18,0.0,0.0,1
13.6,4,18,33.0,33.0,3
12.5,4,18,21.0,,3
5.0,4,18,42.0,42.0,3
6.0,4,18,38.0,38.0,3
12.0,4,18,38.0,38.0,3
6.0,4,18,46.0,46.0,2
6.0,5,18,26.0,,1
24.8,4,18,39.0,39.0,3
12.8,4,18,26.0,26.0,4
6.0,4,18,28.0,28.0,3
61.75,4,18,27.0,27.0,3
24.0,4,18,21.0,21.0,3
18.55,4,18,29.0,29.0,3
18.65,4,18,43.0,43.0,3
36.1,4,18,27.0,27.0,3
37.65,4,18,25.0,25.0,3
48.65,4,18,28.0,28.0,3
6.0,4,18,35.0,35.0,3
34.2,4,18,34.0,34.0,3
12.05,4,18,33.0,33.0,3
6.0,4,18,39.0,39.0,3
6.0,4,18,31.0,31.0,3
12.05,4,18,39.0,39.0,3
12.0,5,18,40.0,,1
68.0,5,18,36.0,0.0,1
48.0,5,18,0.0,0.0,1
6.0,2,19,79.0,19.0,4
18.0,2,19,19.0,19.0,3
6.0,2,19,48.0,22.0,3
6.0,2,19,48.0,23.0,3
13.1,2,19,48.0,23.0,2
18.0,2,19,79.0,79.0,3
35.0,2,19,44.0,44.0,3
37.0,2,19,48.0,25.0,2
6.13,3,19,7.0,7.0,2
19.0,2,19,49.0,26.0,3
9.0,2,19,43.0,43.0,3
36.0,2,19,44.0,26.0,3
31.0,3,19,45.0,23.0,4
13.0,3,19,53.0,26.0,2
36.7,3,19,30.0,30.0,3
36.6,1,19,54.0,31.0,3
36.4,2,19,27.0,27.0,3
42.4,2,19,29.0,29.0,3
61.0,2,19,30.0,30.0,3
24.7,2,19,41.0,41.0,3
6.0,2,19,54.0,54.0,4
41.0,2,19,39.0,10.0,3
63.0,1,19,22.0,22.0,3
43.0,1,19,18.0,18.0,2
72.0,2,19,6.0,6.0,2
55.0,2,19,71.0,71.0,3
13.7,2,19,71.0,49.0,4
6.0,2,19,71.0,49.0,3
6.0,1,19,77.0,34.0,5
6.0,1,19,77.0,34.0,3
6.0,2,19,75.0,35.0,4
12.0,1,19,76.0,16.0,4
67.0,1,19,24.0,24.0,3
25.0,2,19,56.0,10.0,4
43.0,2,19,18.0,18.0,3
17.0,2,19,77.0,35.0,3
12.0,2,19,79.0,35.0,4
67.0,2,19,39.0,19.0,5
42.0,3,19,37.0,18.0,4
31.0,3,19,72.0,27.0,3
109.0,2,19,27.0,27.0,4
12.0,3,19,45.0,45.0,1
10.0,5,19,38.0,38.0,1
13.0,5,19,19.0,19.0,1
7.0,5,19,33.0,33.0,1
36.6,2,20,26.0,26.0,1
24.1,2,20,26.0,26.0,4
36.55,1,20,10.0,10.0,1
60.62,1,20,10.0,10.0,2
93.74,1,20,17.0,17.0,3
67.71,1,20,36.0,36.0,4
73.09,1,20,31.0,31.0,4
165.54,1,20,31.0,31.0,4
183.5,1,20,31.0,31.0,4
330.95,2,20,36.0,36.0,4
694.65,2,20,36.0,36.0,4
61.72,1,20,31.0,31.0,4
198.75,2,20,38.0,38.0,4
42.5,1,20,8.0,8.0,4
72.65,2,20,18.0,18.0,2
36.55,2,20,55.0,28.0,1
36.55,2,20,18.0,18.0,2
12.5,2,20,27.0,27.0,4
84.73,2,20,6.0,6.0,2
67.02,2,20,55.0,55.0,3
36.64,1,20,8.0,8.0,2
54.0,2,20,55.0,55.0,4
57.6,2,20,24.0,14.0,4
57.5,2,20,25.0,25.0,1
45.65,2,20,25.0,25.0,4
129.4,2,20,57.0,9.0,4
15.4,2,20,58.0,28.0,2
36.5,2,20,56.0,31.0,1
82.7,2,20,56.0,56.0,1
40.08,2,20,57.0,30.0,5
127.0,2,20,57.0,8.0,4
10.18,2,20,56.0,56.0,2
11.0,2,20,56.0,56.0,2
14.75,2,20,56.0,27.0,5
128.0,2,20,57.0,57.0,4
56.52,2,20,26.0,26.0,3
75.6,2,20,24.0,24.0,3
61.68,1,20,35.0,35.0,4
43.46,2,20,57.0,57.0,4
108.75,2,20,17.0,17.0,4
67.08,2,20,31.0,31.0,1
18.6,2,20,28.0,28.0,5
50.88,2,20,42.0,42.0,3
12.55,3,20,31.0,31.0,4
66.6,3,20,35.0,35.0,2
7.3,3,20,35.0,35.0,2
6.4,3,20,43.0,31.0,5
49.6,3,20,82.0,82.0,2
24.85,3,20,44.0,44.0,5
12.4,3,20,44.0,44.0,3
12.05,3,20,59.0,32.0,4
6.0,3,20,43.0,43.0,5
6.0,3,20,31.0,31.0,4
6.0,3,20,47.0,29.0,4
6.0,3,20,47.0,47.0,4
6.0,3,20,44.0,28.0,4
12.1,3,20,27.0,27.0,4
12.9,3,20,20.0,20.0,5
23.0,3,20,48.0,48.0,5
24.3,3,20,48.0,19.0,1
12.1,3,20,30.0,30.0,1
12.0,3,20,22.0,22.0,4
12.0,3,20,26.0,26.0,4
36.6,3,20,16.0,16.0,4
158.0,3,20,46.0,46.0,4
24.6,3,20,16.0,16.0,4
24.6,3,20,12.0,12.0,5
6.0,3,20,46.0,46.0,4
23.5,3,20,47.0,27.0,4
46.0,3,20,47.0,47.0,4
89.5,3,20,47.0,47.0,4
269.6,3,20,47.0,47.0,4
6.8,3,20,57.0,57.0,4
11.4,3,20,47.0,47.0,4
6.0,4,20,47.0,47.0,4
67.0,3,20,47.0,47.0,4
48.6,3,20,47.0,20.0,5
17.4,3,20,47.0,47.0,4
18.2,4,20,40.0,20.0,4
6.0,3,20,38.0,38.0,4
18.8,3,20,20.0,20.0,4
18.6,3,20,11.0,11.0,4
12.2,3,20,43.0,12.0,4
18.6,3,20,43.0,43.0,4
56.28,3,20,42.0,42.0,2
48.6,3,20,29.0,20.0,2
99.6,3,20,20.0,20.0,2
62.29,3,20,23.0,23.0,3
19.15,3,20,61.0,21.0,4
45.48,3,20,37.0,37.0,2
138.15,3,20,22.0,22.0,2
18.1,3,20,27.0,27.0,2
12.0,3,20,18.0,18.0,4
6.0,3,20,37.0,37.0,4
48.75,3,20,4.0,4.0,3
46.09,3,20,40.0,40.0,4
48.65,3,20,8.0,8.0,3
24.55,3,20,16.0,16.0,5
13.2,3,20,48.0,48.0,2
6.0,3,20,50.0,3.0,5
6.0,3,20,40.0,40.0,4
6.0,3,20,47.0,30.0,2
25.05,3,20,44.0,17.0,4
24.55,3,20,13.0,13.0,2
19.1,3,20,35.0,35.0,4
24.65,3,20,52.0,17.0,4
36.6,3,20,17.0,17.0,3
277.45,3,20,12.0,12.0,2
13.25,4,20,40.0,29.0,5
36.75,3,20,27.0,27.0,2
6.0,3,20,29.0,29.0,4
12.2,4,20,33.0,33.0,4
36.4,3,20,36.0,36.0,4
6.0,3,20,17.0,17.0,4
24.6,3,20,33.0,33.0,5
5.6,3,20,49.0,49.0,5
153.1,3,20,13.0,13.0,4
205.4,4,20,48.0,48.0,4
6.0,3,20,48.0,24.0,4
12.6,3,20,13.0,13.0,4
12.6,3,20,13.0,13.0,3
36.0,3,20,50.0,50.0,4
6.8,4,20,47.0,47.0,4
48.6,4,20,35.0,35.0,5
7.1,3,20,31.0,31.0,4
12.6,3,20,32.0,32.0,4
6.0,3,20,43.0,30.0,4
12.0,4,20,53.0,53.0,4
8.2,3,20,39.0,39.0,3
12.0,4,20,43.0,43.0,4
5.4,4,20,44.0,44.0,5
3.8,4,20,44.0,44.0,4
72.0,4,20,23.0,23.0,4
9.0,4,20,49.0,49.0,5
10.0,4,20,40.0,40.0,4
11.4,3,20,41.0,41.0,4
9.8,4,20,47.0,47.0,4
12.5,4,20,49.0,49.0,4
72.0,4,20,23.0,23.0,5
6.0,4,20,32.0,32.0,4
10.6,4,20,41.0,41.0,3
9.9,4,20,39.0,39.0,3
9.9,3,20,48.0,48.0,4
6.0,4,20,45.0,45.0,5
9.9,3,20,48.0,48.0,5
7.9,4,20,42.0,42.0,3
9.9,4,20,46.0,46.0,4
6.0,4,20,49.0,49.0,5
6.0,4,20,49.0,49.0,4
6.0,4,20,50.0,50.0,4
10.9,4,20,39.0,39.0,4
6.0,4,20,96.0,96.0,4
6.0,4,20,51.0,51.0,4
12.0,4,20,42.0,42.0,4
21.8,4,20,58.0,58.0,4
76.9,4,20,48.0,10.0,4
35.0,2,21,21.0,21.0,3
18.0,2,21,34.0,34.0,3
34.28,1,21,38.0,15.0,2
64.0,2,21,20.0,20.0,3
274.0,2,21,7.0,7.0,3
130.0,2,21,15.0,15.0,3
12.0,1,21,14.0,14.0,3
27.1,2,21,17.0,17.0,3
142.0,2,21,20.0,20.0,3
23.0,2,21,41.0,41.0,3
23.0,2,21,38.0,38.0,3
34.0,2,21,40.0,40.0,2
23.0,2,21,37.0,24.0,3
23.0,2,21,34.0,34.0,3
73.0,1,21,19.0,19.0,3
48.0,1,21,22.0,22.0,1
1316.0,1,21,21.0,21.0,1
72.0,2,21,22.0,22.0,3
44.0,2,21,5.0,5.0,3
14.0,2,21,58.0,25.0,1
6.0,2,21,57.0,37.0,2
18.0,2,21,35.0,35.0,3
439.0,2,21,51.0,2.0,3
192.4,2,21,51.0,2.0,3
110.0,2,21,50.0,30.0,4
231.0,2,21,35.0,35.0,4
21.0,4,21,49.0,49.0,3
189.0,3,21,32.0,32.0,3
34.0,3,21,37.0,37.0,3
27.0,2,21,27.0,27.0,3
21.0,3,21,23.0,23.0,3
209.92,2,21,37.0,37.0,3
12.0,3,21,48.0,48.0,3
5.1,3,21,50.0,,4
5.5,3,21,50.0,,4
36.6,5,21,61.0,4.0,3
6.0,4,21,71.0,,3
15.1,4,21,33.0,33.0,3
6.0,4,21,33.0,,3
6.1,4,21,35.0,,3
6.1,4,21,73.0,2.0,3
6.83,4,21,80.0,,2
126.9,3,21,37.0,37.0,4
60.75,5,21,1.0,,3
6.0,3,22,51.0,37.0,4
57.2,3,22,9.0,9.0,2
74.46,2,22,20.0,20.0,3
39.65,3,22,20.0,20.0,4
6.0,1,22,50.0,16.0,3
6.0,2,22,51.0,34.0,3
6.0,1,22,54.0,6.0,3
4.0,2,22,71.0,34.0,3
5.0,3,22,52.0,34.0,3
6.0,2,22,50.0,33.0,3
4.0,3,22,53.0,35.0,2
4.4,2,22,53.0,35.0,3
12.0,3,22,23.0,23.0,3
51.0,3,22,34.0,34.0,3
12.0,2,22,16.0,16.0,3
45.6,2,22,47.0,34.0,4
57.1,2,22,47.0,39.0,3
52.0,2,22,4.0,4.0,2
6.0,3,22,52.0,31.0,3
66.58,2,22,42.0,3.0,3
6.0,3,22,47.0,37.0,3
6.0,3,22,49.0,36.0,5
6.0,3,22,52.0,30.0,3
56.4,2,22,50.0,50.0,5
36.0,1,22,20.0,20.0,3
6.0,2,22,57.0,2.0,4
12.0,2,22,56.0,35.0,3
6.0,3,22,57.0,57.0,3
6.0,2,22,80.0,35.0,3
6.0,2,22,56.0,39.0,4
6.0,2,22,55.0,55.0,3
42.7,2,22,47.0,29.0,3
6.0,2,22,56.0,38.0,3
23.0,2,22,47.0,47.0,4
6.0,2,22,50.0,37.0,3
22.8,2,22,47.0,47.0,3
6.0,2,22,47.0,36.0,4
12.05,2,22,47.0,39.0,3
6.0,2,22,79.0,35.0,4
6.0,2,22,79.0,35.0,3
6.0,2,22,99.0,35.0,3
28.15,2,22,55.0,55.0,5
379.46,2,22,36.0,36.0,3
3.5,2,22,55.0,55.0,4
6.0,2,22,57.0,38.0,4
6.0,2,22,49.0,49.0,3
6.0,2,22,51.0,22.0,3
48.25,2,22,71.0,22.0,4
6.0,2,22,52.0,52.0,3
6.0,3,22,50.0,32.0,3
42.3,3,22,45.0,22.0,3
24.3,4,22,25.0,25.0,3
6.0,4,22,31.0,31.0,3
18.0,3,22,35.0,35.0,4
68.8,3,22,66.0,52.0,3
67.26,3,22,43.0,43.0,3
6.0,3,22,70.0,49.0,3
12.0,3,22,68.0,52.0,4
9.7,3,22,68.0,52.0,3
13.5,3,22,68.0,48.0,4
11.0,3,22,69.0,53.0,4
12.1,3,22,52.0,22.0,3
67.5,3,22,70.0,42.0,4
6.0,3,22,68.0,51.0,3
4.5,3,22,68.0,50.0,4
5.0,3,22,68.0,50.0,3
34.33,3,22,41.0,41.0,4
34.8,4,22,42.0,15.0,5
18.2,4,22,68.0,68.0,3
6.0,3,22,70.0,70.0,5
48.2,4,22,31.0,31.0,3
12.0,3,22,59.0,59.0,5
5.5,3,22,49.0,49.0,3
12.0,3,22,46.0,46.0,3
6.0,3,22,49.0,49.0,5
6.0,3,22,60.0,60.0,3
6.0,3,22,52.0,52.0,3
16.6,3,22,38.0,38.0,3
6.0,3,22,39.0,24.0,3
12.0,3,22,31.0,31.0,3
36.1,3,22,30.0,30.0,3
12.0,3,22,30.0,30.0,3
8.0,3,22,44.0,23.0,3
84.0,3,22,44.0,25.0,5
14.0,2,22,72.0,49.0,3
6.0,2,22,51.0,37.0,3
12.0,3,22,55.0,37.0,3
12.0,3,22,52.0,33.0,3
48.31,3,22,62.0,2.0,1
99.3,3,22,20.0,20.0,3
12.0,3,22,44.0,44.0,3
22.28,3,22,26.0,26.0,4
6.0,3,22,40.0,40.0,3
6.0,4,22,38.0,38.0,3
24.0,1,23,1.0,1.0,1
112.6,2,23,1.0,1.0,1
47.0,2,23,24.0,24.0,2
6.0,2,23,57.0,29.0,3
6.0,2,23,53.0,32.0,4
50.0,2,23,13.0,13.0,3
6.0,3,23,52.0,29.0,3
6.0,2,23,52.0,29.0,3
8.0,2,23,52.0,29.0,4
12.0,2,23,42.0,32.0,3
12.0,2,23,50.0,32.0,3
24.0,2,23,52.0,32.0,4
24.14,4,23,47.0,47.0,3
12.0,2,23,49.0,30.0,5
12.05,2,23,49.0,29.0,3
16.16,2,23,50.0,37.0,5
132.9,2,23,1.0,1.0,1
36.1,2,23,47.0,34.0,5
12.0,2,23,47.0,47.0,3
6.0,2,23,51.0,38.0,4
6.0,2,23,50.0,37.0,3
31.2,1,23,20.0,20.0,3
6.0,1,23,16.0,16.0,3
24.2,2,23,42.0,30.0,3
75.78,2,23,31.0,31.0,3
55.6,2,23,31.0,31.0,4
6.0,2,23,58.0,28.0,3
6.0,2,23,45.0,27.0,3
6.0,2,23,55.0,46.0,5
12.7,2,23,45.0,22.0,3
6.0,2,23,46.0,19.0,3
6.0,2,23,57.0,19.0,3
6.0,2,23,44.0,17.0,4
12.0,2,23,45.0,12.0,4
48.1,3,23,31.0,31.0,2
6.0,2,23,50.0,41.0,4
84.0,3,23,20.0,20.0,3
60.15,3,23,23.0,23.0,3
18.0,3,23,32.0,32.0,3
6.0,3,23,50.0,50.0,3
6.02,3,23,51.0,51.0,4
42.2,3,23,29.0,29.0,3
9.01,3,23,46.0,34.0,3
9.96,3,23,96.0,46.0,4
20.5,3,23,96.0,24.0,3
6.07,3,23,57.0,50.0,4
23.0,3,23,42.0,42.0,3
18.2,3,23,36.0,36.0,3
6.0,4,23,42.0,28.0,2
12.0,4,23,42.0,42.0,2
46.3,4,23,43.0,43.0,4
6.0,4,23,42.0,42.0,1
12.0,4,23,42.0,42.0,4
6.0,4,23,47.0,47.0,5
15.24,1,23,38.0,38.0,3
6.94,4,23,39.0,39.0,4
5.38,4,23,40.0,40.0,3
6.0,4,23,44.0,44.0,1
6.0,4,23,43.0,43.0,4
20.22,4,23,48.0,48.0,5
12.0,4,23,53.0,19.0,3
5.88,1,23,43.0,21.0,3
9.7,4,23,49.0,29.0,3
12.0,3,23,45.0,7.0,3
6.0,4,23,42.0,42.0,3
5.36,4,23,42.0,42.0,4
7.8,3,23,42.0,42.0,3
9.1,4,23,44.0,44.0,3
6.0,3,23,60.0,60.0,3
6.0,3,23,40.0,24.0,3
12.0,3,23,34.0,25.0,3
6.0,3,23,36.0,25.0,4
6.0,3,23,34.0,34.0,3
12.0,4,23,45.0,45.0,3
6.0,4,23,45.0,45.0,5
11.2,4,23,46.0,31.0,4
6.0,4,23,95.0,31.0,3
6.0,4,23,44.0,44.0,3
12.0,4,23,94.0,31.0,4
9.0,3,23,95.0,41.0,4
24.15,4,23,46.0,46.0,2
10.2,3,23,81.0,47.0,3
8.4,4,23,70.0,46.0,4
126.0,4,23,34.0,34.0,3
24.0,4,23,47.0,47.0,3
24.05,2,23,52.0,52.0,3
54.85,3,23,19.0,19.0,3
6.0,4,23,52.0,25.0,4
6.0,4,23,53.0,25.0,3
6.01,4,23,57.0,29.0,3
7.46,4,23,62.0,24.0,4
12.0,4,23,50.0,50.0,3
36.13,3,23,30.0,30.0,3
3.0,4,23,46.0,46.0,2
12.0,3,23,50.0,23.0,2
12.0,3,23,51.0,23.0,4
9.0,4,23,48.0,48.0,3
12.0,4,23,45.0,45.0,4
18.1,4,23,39.0,39.0,4
41.08,4,23,28.0,28.0,3
78.8,2,24,4.0,4.0,3
58.38,2,24,4.0,4.0,1
340.12,2,24,4.0,4.0,1
12.0,2,24,44.0,44.0,3
12.0,2,24,43.0,43.0,3
7.0,2,24,34.0,34.0,4
61.0,4,24,19.0,19.0,3
13.0,2,24,71.0,44.0,3
18.0,2,24,45.0,45.0,3
12.0,2,24,50.0,50.0,3
6.0,2,24,51.0,51.0,4
36.36,2,24,44.0,31.0,3
114.0,2,24,25.0,25.0,2
3.0,2,24,77.0,40.0,3
12.0,2,24,76.0,76.0,4
6.0,2,24,77.0,30.0,4
3.0,2,24,77.0,30.0,4
6.0,2,24,77.0,30.0,3
24.0,2,24,24.0,24.0,3
24.0,2,24,78.0,43.0,3
24.0,2,24,32.0,32.0,3
9.0,2,24,42.0,27.0,3
6.0,3,24,32.0,32.0,3
12.0,3,24,32.0,32.0,3
12.0,3,24,41.0,41.0,3
24.0,3,24,22.0,22.0,3
12.0,2,24,32.0,32.0,3
12.0,3,24,97.0,37.0,3
6.0,3,24,31.0,31.0,3
12.0,3,24,31.0,31.0,3
12.0,3,24,34.0,34.0,3
6.0,3,24,27.0,27.0,3
7.02,3,24,31.0,31.0,3
12.0,3,24,31.0,22.0,3
6.0,2,24,31.0,31.0,3
42.1,3,24,41.0,41.0,3
31.0,2,24,31.0,31.0,3
36.15,2,24,31.0,31.0,3
4.65,4,24,71.0,42.0,3
2.72,4,24,71.0,44.0,3
8.4,4,24,48.0,19.0,3
99.3,3,24,33.0,33.0,2
3.4,3,24,30.0,30.0,2
6.0,4,24,30.0,30.0,3
3.66,3,24,51.0,51.0,2
13.1,3,24,33.0,33.0,3
18.0,3,24,36.0,36.0,3
18.0,3,24,35.0,35.0,3
6.0,3,24,34.0,34.0,3
13.9,3,24,33.0,33.0,3
24.07,3,24,31.0,31.0,3
36.0,3,24,31.0,31.0,3
12.0,3,24,45.0,45.0,3
6.0,3,24,49.0,30.0,3
25.0,4,24,53.0,23.0,2
24.0,4,24,55.0,28.0,3
42.0,4,24,29.0,29.0,2
36.0,4,24,39.0,39.0,3
33.52,4,24,40.0,3.0,2
4.68,4,24,42.0,42.0,3
45.7,4,24,43.0,2.0,1
21.0,3,24,43.0,2.0,3
15.0,3,24,50.0,43.0,3
6.0,3,24,36.0,36.0,3
89.55,3,24,29.0,29.0,3
89.18,3,25,25.0,3.0,3
12.6,1,25,18.0,18.0,3
89.05,3,25,14.0,14.0,2
3.28,1,25,45.0,24.0,3
7.05,1,25,49.0,12.0,4
4.65,2,25,53.0,27.0,3
17.85,2,25,44.0,8.0,4
22.15,2,25,45.0,8.0,5
16.52,2,25,50.0,50.0,4
16.45,2,25,45.0,45.0,5
6.0,2,25,49.0,5.0,3
5.47,2,25,53.0,10.0,3
6.0,2,25,26.0,26.0,3
16.8,3,25,40.0,40.0,3
6.0,3,25,50.0,30.0,4
6.0,3,25,48.0,34.0,3
12.4,3,25,48.0,33.0,3
6.0,3,25,48.0,33.0,3
19.44,3,25,47.0,21.0,4
6.0,3,25,51.0,26.0,3
6.0,3,25,51.0,,3
18.0,3,25,28.0,,3
18.97,3,25,30.0,30.0,3
22.5,5,25,45.0,45.0,1
22.5,5,25,25.0,25.0,3
6.0,3,25,48.0,,3
6.0,4,25,50.0,50.0,3
3.62,4,25,46.0,46.0,3
13.23,3,25,40.0,12.0,3
12.0,3,25,40.0,12.0,3
11.25,4,25,35.0,35.0,4
6.0,3,25,50.0,26.0,4
12.76,3,25,27.0,27.0,4
21.25,3,25,47.0,23.0,3
6.0,3,25,45.0,45.0,5
12.0,3,25,46.0,13.0,4
12.63,3,25,49.0,19.0,3
30.05,3,25,43.0,20.0,3
12.56,3,25,42.0,42.0,5
22.55,3,25,41.0,41.0,3
11.25,3,25,41.0,41.0,3
8.5,3,25,50.0,50.0,3
6.96,3,25,46.0,46.0,2
10.6,3,25,50.0,41.0,3
6.0,3,25,45.0,45.0,3
6.0,3,25,50.0,22.0,3
13.71,5,25,39.0,39.0,3
24.25,4,25,21.0,21.0,4
23.0,4,25,38.0,38.0,4
96.5,5,25,20.0,20.0,1
178.0,2,26,35.0,35.0,3
48.3,2,26,52.0,30.0,3
56.28,1,26,0.0,0.0,2
195.56,2,26,5.0,5.0,3
63.74,2,26,5.0,5.0,2
39.9,3,26,40.0,40.0,4
8.5,4,26,54.0,54.0,4
18.45,4,26,54.0,54.0,5
81.69,4,26,55.0,30.0,3
12.0,4,26,49.0,27.0,4
40.08,4,26,56.0,29.0,4
6.0,4,26,56.0,31.0,4
6.7,4,26,57.0,57.0,4
63.8,4,26,21.0,21.0,1
23.47,4,26,56.0,28.0,4
36.75,3,26,13.0,13.0,4
34.6,4,26,51.0,40.0,4
31.0,4,26,41.0,41.0,3
27.1,4,26,50.0,50.0,4
